event_id,video,frame_id,video_time_sec,type,type_cn,confidence,direction,message,bbox,source_frame_ids
1-road_obstacle-2,1,2,0.069,road_obstacle,路面障碍,0.7502,left_front,左前方有障碍，请注意避让。,"[42, 121, 107, 323]","[1, 2]"
1-road_obstacle-7,1,7,0.241,road_obstacle,路面障碍,0.7635,left_front,左前方有障碍，请注意避让。,"[21, 120, 86, 328]","[6, 7]"
1-road_obstacle-12,1,12,0.414,road_obstacle,路面障碍,0.7096,left_front,左前方有障碍，请注意避让。,"[4, 94, 63, 328]","[11, 12]"
1-road_obstacle-27,1,27,0.931,road_obstacle,路面障碍,0.6994,left_front,左前方有障碍，请注意避让。,"[3, 55, 80, 289]","[26, 27]"
1-road_obstacle-35,1,35,1.207,road_obstacle,路面障碍,0.6895,left_front,左前方有障碍，请注意避让。,"[51, 36, 143, 292]","[34, 35]"
1-road_obstacle-40,1,40,1.379,road_obstacle,路面障碍,0.6320,left_front,左前方有障碍，请注意避让。,"[77, 32, 171, 300]","[39, 40]"
1-road_obstacle-45,1,45,1.552,road_obstacle,路面障碍,0.7059,left_front,左前方有障碍，请注意避让。,"[74, 19, 185, 303]","[44, 45]"
1-road_obstacle-50,1,50,1.724,road_obstacle,路面障碍,0.7662,left_front,左前方有障碍，请注意避让。,"[87, 26, 208, 328]","[49, 50]"
1-road_obstacle-55,1,55,1.897,road_obstacle,路面障碍,0.7567,left_front,左前方有障碍，请注意避让。,"[88, 53, 219, 378]","[54, 55]"
1-road_obstacle-64,1,64,2.207,road_obstacle,路面障碍,0.7974,left_front,左前方有障碍，请注意避让。,"[40, 46, 192, 432]","[63, 64]"
1-road_obstacle-69,1,69,2.379,road_obstacle,路面障碍,0.8560,left_front,左前方有障碍，请注意避让。,"[7, 45, 187, 481]","[68, 69]"
1-road_obstacle-74,1,74,2.552,road_obstacle,路面障碍,0.8657,left_front,左前方有障碍，请注意避让。,"[1, 1, 183, 513]","[73, 74]"
1-road_obstacle-79,1,79,2.724,road_obstacle,路面障碍,0.8282,left_front,左前方有障碍，请注意避让。,"[0, 1, 163, 579]","[78, 79]"
1-road_obstacle-112,1,112,3.862,road_obstacle,路面障碍,0.5642,left_front,左前方有障碍，请注意避让。,"[2, 180, 90, 297]","[111, 112]"
1-road_obstacle-118,1,118,4.069,road_obstacle,路面障碍,0.5681,right_front,右前方有障碍，请注意避让。,"[338, 124, 454, 286]","[117, 118]"
1-road_obstacle-125,1,125,4.31,road_obstacle,路面障碍,0.6233,right_front,右前方有障碍，请注意避让。,"[437, 0, 511, 275]","[124, 125]"
1-road_obstacle-158,1,158,5.448,road_obstacle,路面障碍,0.5651,right_front,右前方有障碍，请注意避让。,"[308, 117, 474, 238]","[157, 158]"
1-road_obstacle-169,1,169,5.828,road_obstacle,路面障碍,0.8045,left_front,左前方有障碍，请注意避让。,"[1, 137, 259, 569]","[168, 169]"
1-road_obstacle-174,1,174,6.0,road_obstacle,路面障碍,0.7146,front,前方有障碍，请注意避让。,"[1, 128, 411, 620]","[173, 174]"
1-road_obstacle-179,1,179,6.172,road_obstacle,路面障碍,0.7442,front,前方有障碍，请注意避让。,"[1, 33, 513, 672]","[178, 179]"
1-road_obstacle-184,1,184,6.345,road_obstacle,路面障碍,0.6923,front,前方有障碍，请注意避让。,"[118, 0, 520, 714]","[183, 184]"
1-road_obstacle-191,1,191,6.586,road_obstacle,路面障碍,0.5721,front,前方有障碍，请注意避让。,"[21, 389, 537, 867]","[190, 191]"
1-road_obstacle-200,1,200,6.897,road_obstacle,路面障碍,0.7422,front,前方有障碍，请注意避让。,"[171, 440, 539, 938]","[199, 200]"
1-road_obstacle-206,1,206,7.103,road_obstacle,路面障碍,0.5837,front,前方有障碍，请注意避让。,"[99, 59, 327, 387]","[205, 206]"
1-road_obstacle-218,1,218,7.517,road_obstacle,路面障碍,0.6656,front,前方有障碍，请注意避让。,"[120, 31, 387, 386]","[217, 218]"
1-road_obstacle-224,1,224,7.724,road_obstacle,路面障碍,0.6072,front,前方有障碍，请注意避让。,"[149, 39, 429, 396]","[223, 224]"
1-road_obstacle-229,1,229,7.897,road_obstacle,路面障碍,0.6166,front,前方有障碍，请注意避让。,"[152, 49, 445, 416]","[228, 229]"
1-road_obstacle-234,1,234,8.069,road_obstacle,路面障碍,0.7961,front,前方有障碍，请注意避让。,"[141, 35, 453, 440]","[233, 234]"
1-road_obstacle-239,1,239,8.241,road_obstacle,路面障碍,0.7826,front,前方有障碍，请注意避让。,"[121, 28, 458, 461]","[238, 239]"
1-road_obstacle-244,1,244,8.414,road_obstacle,路面障碍,0.7975,front,前方有障碍，请注意避让。,"[121, 44, 473, 492]","[243, 244]"
1-road_obstacle-249,1,249,8.586,road_obstacle,路面障碍,0.7770,front,前方有障碍，请注意避让。,"[136, 33, 530, 523]","[248, 249]"
1-road_obstacle-256,1,256,8.828,road_obstacle,路面障碍,0.6175,front,前方有障碍，请注意避让。,"[159, 55, 538, 577]","[255, 256]"
1-road_obstacle-261,1,261,9.0,road_obstacle,路面障碍,0.6226,front,前方有障碍，请注意避让。,"[141, 61, 537, 626]","[260, 261]"
1-road_obstacle-266,1,266,9.172,road_obstacle,路面障碍,0.6011,front,前方有障碍，请注意避让。,"[151, 29, 539, 652]","[265, 266]"
1-road_obstacle-273,1,273,9.414,road_obstacle,路面障碍,0.6341,left_front,左前方有障碍，请注意避让。,"[4, 6, 83, 105]","[272, 273]"
1-road_obstacle-280,1,280,9.655,road_obstacle,路面障碍,0.5926,left_front,左前方有障碍，请注意避让。,"[0, 0, 119, 93]","[279, 280]"
1-road_obstacle-305,1,305,10.517,road_obstacle,路面障碍,0.6009,front,前方有障碍，请注意避让。,"[109, 0, 283, 88]","[304, 305]"
1-road_obstacle-311,1,311,10.724,road_obstacle,路面障碍,0.5571,front,前方有障碍，请注意避让。,"[219, 0, 399, 93]","[310, 311]"
1-road_obstacle-316,1,316,10.897,road_obstacle,路面障碍,0.6885,right_front,右前方有障碍，请注意避让。,"[322, 0, 503, 97]","[315, 316]"
1-blind_road_occupied-326,1,326,11.241,blind_road_occupied,盲道占用,0.6756,front,前方盲道被占用，请注意绕行。,"[0, 534, 423, 960]","[325, 326]"
1-road_obstacle-331,1,331,11.414,road_obstacle,路面障碍,0.6673,front,前方有障碍，请注意避让。,"[204, 74, 457, 267]","[330, 331]"
1-blind_road_occupied-331,1,331,11.414,blind_road_occupied,盲道占用,0.6854,front,前方盲道被占用，请注意绕行。,"[1, 560, 446, 960]","[330, 331]"
1-blind_road_occupied-336,1,336,11.586,blind_road_occupied,盲道占用,0.6713,front,前方盲道被占用，请注意绕行。,"[0, 606, 453, 960]","[335, 336]"
1-road_obstacle-357,1,357,12.31,road_obstacle,路面障碍,0.7446,left_front,左前方有障碍，请注意避让。,"[2, 1, 159, 315]","[356, 357]"
1-road_obstacle-399,1,399,13.759,road_obstacle,路面障碍,0.6829,left_front,左前方有障碍，请注意避让。,"[4, 0, 288, 184]","[398, 399]"
1-ramp-402,1,402,13.862,ramp,坡道,0.7809,front,前方有坡道。,"[54, 548, 416, 876]","[401, 402]"
1-road_obstacle-404,1,404,13.931,road_obstacle,路面障碍,0.8033,left_front,左前方有障碍，请注意避让。,"[0, 1, 274, 224]","[403, 404]"
2-blind_road_occupied-2,2,2,0.069,blind_road_occupied,盲道占用,0.8519,front,前方盲道被占用，请注意绕行。,"[2, 229, 539, 562]","[1, 2]"
2-blind_road_occupied-7,2,7,0.241,blind_road_occupied,盲道占用,0.8639,front,前方盲道被占用，请注意绕行。,"[4, 230, 540, 562]","[6, 7]"
2-blind_road_occupied-12,2,12,0.414,blind_road_occupied,盲道占用,0.8688,front,前方盲道被占用，请注意绕行。,"[4, 227, 540, 563]","[11, 12]"
2-blind_road_occupied-17,2,17,0.586,blind_road_occupied,盲道占用,0.8705,front,前方盲道被占用，请注意绕行。,"[3, 229, 540, 572]","[16, 17]"
2-blind_road_occupied-22,2,22,0.759,blind_road_occupied,盲道占用,0.8707,front,前方盲道被占用，请注意绕行。,"[0, 232, 540, 593]","[21, 22]"
2-blind_road_occupied-27,2,27,0.931,blind_road_occupied,盲道占用,0.8331,front,前方盲道被占用，请注意绕行。,"[0, 240, 540, 634]","[26, 27]"
2-blind_road_occupied-32,2,32,1.103,blind_road_occupied,盲道占用,0.8045,front,前方盲道被占用，请注意绕行。,"[0, 251, 540, 676]","[31, 32]"
2-blind_road_occupied-37,2,37,1.276,blind_road_occupied,盲道占用,0.7547,front,前方盲道被占用，请注意绕行。,"[0, 269, 540, 730]","[36, 37]"
2-blind_road_occupied-42,2,42,1.448,blind_road_occupied,盲道占用,0.7597,front,前方盲道被占用，请注意绕行。,"[0, 282, 540, 871]","[41, 42]"
2-blind_road_occupied-47,2,47,1.621,blind_road_occupied,盲道占用,0.8057,front,前方盲道被占用，请注意绕行。,"[0, 297, 540, 937]","[46, 47]"
2-blind_road_occupied-52,2,52,1.793,blind_road_occupied,盲道占用,0.8321,front,前方盲道被占用，请注意绕行。,"[0, 307, 540, 958]","[51, 52]"
2-blind_road_occupied-57,2,57,1.966,blind_road_occupied,盲道占用,0.8346,front,前方盲道被占用，请注意绕行。,"[0, 322, 540, 957]","[56, 57]"
2-blind_road_occupied-62,2,62,2.138,blind_road_occupied,盲道占用,0.8465,front,前方盲道被占用，请注意绕行。,"[0, 333, 540, 958]","[61, 62]"
2-road_obstacle-63,2,63,2.172,road_obstacle,路面障碍,0.5628,right_front,右前方有障碍，请注意避让。,"[207, 0, 539, 184]","[62, 63]"
2-blind_road_occupied-67,2,67,2.31,blind_road_occupied,盲道占用,0.8154,front,前方盲道被占用，请注意绕行。,"[0, 364, 540, 959]","[66, 67]"
2-blind_road_occupied-72,2,72,2.483,blind_road_occupied,盲道占用,0.8375,front,前方盲道被占用，请注意绕行。,"[0, 391, 538, 960]","[71, 72]"
2-road_obstacle-74,2,74,2.552,road_obstacle,路面障碍,0.6634,right_front,右前方有障碍，请注意避让。,"[228, 0, 539, 219]","[73, 74]"
2-blind_road_occupied-77,2,77,2.655,blind_road_occupied,盲道占用,0.8607,front,前方盲道被占用，请注意绕行。,"[0, 418, 538, 959]","[76, 77]"
2-blind_road_occupied-82,2,82,2.828,blind_road_occupied,盲道占用,0.7947,front,前方盲道被占用，请注意绕行。,"[0, 452, 539, 957]","[81, 82]"
2-road_obstacle-85,2,85,2.931,road_obstacle,路面障碍,0.6317,right_front,右前方有障碍，请注意避让。,"[290, 0, 505, 256]","[84, 85]"
2-blind_road_occupied-87,2,87,3.0,blind_road_occupied,盲道占用,0.7392,front,前方盲道被占用，请注意绕行。,"[0, 516, 529, 960]","[86, 87]"
2-road_obstacle-90,2,90,3.103,road_obstacle,路面障碍,0.7513,right_front,右前方有障碍，请注意避让。,"[312, 1, 507, 284]","[89, 90]"
2-blind_road_occupied-94,2,94,3.241,blind_road_occupied,盲道占用,0.6250,front,前方盲道被占用，请注意绕行。,"[0, 567, 520, 960]","[93, 94]"
2-road_obstacle-95,2,95,3.276,road_obstacle,路面障碍,0.7921,right_front,右前方有障碍，请注意避让。,"[354, 0, 539, 295]","[94, 95]"
2-blind_road_occupied-114,2,114,3.931,blind_road_occupied,盲道占用,0.6568,front,前方盲道被占用，请注意绕行。,"[0, 196, 540, 959]","[113, 114]"
2-blind_road_occupied-119,2,119,4.103,blind_road_occupied,盲道占用,0.7749,front,前方盲道被占用，请注意绕行。,"[0, 60, 540, 960]","[118, 119]"
2-blind_road_occupied-124,2,124,4.276,blind_road_occupied,盲道占用,0.7415,front,前方盲道被占用，请注意绕行。,"[2, 165, 540, 958]","[123, 124]"
2-blind_road_occupied-129,2,129,4.448,blind_road_occupied,盲道占用,0.7827,front,前方盲道被占用，请注意绕行。,"[61, 292, 539, 960]","[128, 129]"
2-blind_road_occupied-134,2,134,4.621,blind_road_occupied,盲道占用,0.9055,front,前方盲道被占用，请注意绕行。,"[174, 370, 540, 960]","[133, 134]"
2-blind_road_occupied-139,2,139,4.793,blind_road_occupied,盲道占用,0.8138,right_front,前方盲道被占用，建议向右前方绕行。,"[221, 393, 540, 960]","[138, 139]"
2-blind_road_occupied-144,2,144,4.966,blind_road_occupied,盲道占用,0.8510,right_front,前方盲道被占用，建议向右前方绕行。,"[275, 467, 539, 960]","[143, 144]"
2-blind_road_occupied-149,2,149,5.138,blind_road_occupied,盲道占用,0.8532,right_front,前方盲道被占用，建议向右前方绕行。,"[275, 539, 537, 960]","[148, 149]"
2-blind_road_occupied-154,2,154,5.31,blind_road_occupied,盲道占用,0.5939,right_front,前方盲道被占用，建议向右前方绕行。,"[253, 582, 522, 959]","[153, 154]"
2-blind_road_occupied-159,2,159,5.483,blind_road_occupied,盲道占用,0.8103,front,前方盲道被占用，请注意绕行。,"[224, 618, 495, 960]","[158, 159]"
2-blind_road_occupied-164,2,164,5.655,blind_road_occupied,盲道占用,0.8314,front,前方盲道被占用，请注意绕行。,"[221, 654, 483, 960]","[163, 164]"
2-blind_road_occupied-169,2,169,5.828,blind_road_occupied,盲道占用,0.6682,right_front,前方盲道被占用，建议向右前方绕行。,"[225, 695, 496, 960]","[168, 169]"
2-blind_road_occupied-198,2,198,6.828,blind_road_occupied,盲道占用,0.6547,front,前方盲道被占用，请注意绕行。,"[235, 490, 450, 867]","[197, 198]"
2-road_obstacle-211,2,211,7.276,road_obstacle,路面障碍,0.5558,right_front,右前方有障碍，请注意避让。,"[374, 108, 388, 150]","[210, 211]"
2-blind_road_occupied-214,2,214,7.379,blind_road_occupied,盲道占用,0.7005,front,前方盲道被占用，请注意绕行。,"[181, 538, 460, 960]","[213, 214]"
2-blind_road_occupied-222,2,222,7.655,blind_road_occupied,盲道占用,0.6491,front,前方盲道被占用，请注意绕行。,"[4, 563, 464, 960]","[221, 222]"
2-blind_road_occupied-259,2,259,8.931,blind_road_occupied,盲道占用,0.5825,front,前方盲道被占用，请注意绕行。,"[295, 475, 403, 636]","[258, 259]"
2-blind_road_occupied-264,2,264,9.103,blind_road_occupied,盲道占用,0.6455,front,前方盲道被占用，请注意绕行。,"[249, 488, 389, 660]","[263, 264]"
2-blind_road_occupied-272,2,272,9.379,blind_road_occupied,盲道占用,0.5637,front,前方盲道被占用，请注意绕行。,"[186, 516, 366, 717]","[271, 272]"
2-blind_road_occupied-278,2,278,9.586,blind_road_occupied,盲道占用,0.6788,front,前方盲道被占用，请注意绕行。,"[162, 533, 362, 764]","[277, 278]"
2-blind_road_occupied-283,2,283,9.759,blind_road_occupied,盲道占用,0.6349,front,前方盲道被占用，请注意绕行。,"[146, 565, 368, 835]","[282, 283]"
2-blind_road_occupied-288,2,288,9.931,blind_road_occupied,盲道占用,0.7398,front,前方盲道被占用，请注意绕行。,"[126, 592, 372, 900]","[287, 288]"
2-blind_road_occupied-293,2,293,10.103,blind_road_occupied,盲道占用,0.7934,front,前方盲道被占用，请注意绕行。,"[124, 608, 379, 952]","[292, 293]"
2-blind_road_occupied-298,2,298,10.276,blind_road_occupied,盲道占用,0.6647,front,前方盲道被占用，请注意绕行。,"[23, 642, 393, 960]","[297, 298]"
2-blind_road_occupied-333,2,333,11.483,blind_road_occupied,盲道占用,0.5614,front,前方盲道被占用，请注意绕行。,"[235, 208, 409, 469]","[332, 333]"
2-blind_road_occupied-345,2,345,11.897,blind_road_occupied,盲道占用,0.7054,front,前方盲道被占用，请注意绕行。,"[252, 208, 394, 533]","[344, 345]"
2-blind_road_occupied-350,2,350,12.069,blind_road_occupied,盲道占用,0.7623,front,前方盲道被占用，请注意绕行。,"[231, 219, 380, 577]","[349, 350]"
2-blind_road_occupied-355,2,355,12.241,blind_road_occupied,盲道占用,0.7865,front,前方盲道被占用，请注意绕行。,"[204, 238, 365, 629]","[354, 355]"
2-blind_road_occupied-360,2,360,12.414,blind_road_occupied,盲道占用,0.7040,front,前方盲道被占用，请注意绕行。,"[177, 256, 356, 678]","[359, 360]"
2-blind_road_occupied-365,2,365,12.586,blind_road_occupied,盲道占用,0.7057,front,前方盲道被占用，请注意绕行。,"[87, 238, 354, 760]","[364, 365]"
2-blind_road_occupied-370,2,370,12.759,blind_road_occupied,盲道占用,0.8010,front,前方盲道被占用，请注意绕行。,"[140, 291, 353, 841]","[369, 370]"
2-blind_road_occupied-375,2,375,12.931,blind_road_occupied,盲道占用,0.7627,front,前方盲道被占用，请注意绕行。,"[127, 306, 362, 930]","[374, 375]"
2-blind_road_occupied-380,2,380,13.103,blind_road_occupied,盲道占用,0.6990,front,前方盲道被占用，请注意绕行。,"[121, 343, 388, 960]","[379, 380]"
2-blind_road_occupied-385,2,385,13.276,blind_road_occupied,盲道占用,0.6117,front,前方盲道被占用，请注意绕行。,"[132, 343, 396, 960]","[384, 385]"
2-blind_road_occupied-390,2,390,13.448,blind_road_occupied,盲道占用,0.6930,front,前方盲道被占用，请注意绕行。,"[138, 445, 397, 960]","[389, 390]"
2-blind_road_occupied-395,2,395,13.621,blind_road_occupied,盲道占用,0.7545,front,前方盲道被占用，请注意绕行。,"[131, 572, 392, 960]","[394, 395]"
2-blind_road_occupied-400,2,400,13.793,blind_road_occupied,盲道占用,0.8253,front,前方盲道被占用，请注意绕行。,"[134, 631, 389, 960]","[399, 400]"
2-blind_road_occupied-405,2,405,13.966,blind_road_occupied,盲道占用,0.7482,front,前方盲道被占用，请注意绕行。,"[134, 662, 392, 959]","[404, 405]"
2-blind_road_occupied-410,2,410,14.138,blind_road_occupied,盲道占用,0.6121,front,前方盲道被占用，请注意绕行。,"[181, 710, 397, 959]","[409, 410]"
2-blind_road_occupied-415,2,415,14.31,blind_road_occupied,盲道占用,0.7217,front,前方盲道被占用，请注意绕行。,"[176, 505, 405, 960]","[414, 415]"
2-blind_road_occupied-420,2,420,14.483,blind_road_occupied,盲道占用,0.7172,front,前方盲道被占用，请注意绕行。,"[157, 530, 407, 960]","[419, 420]"
2-blind_road_occupied-425,2,425,14.655,blind_road_occupied,盲道占用,0.6744,front,前方盲道被占用，请注意绕行。,"[147, 509, 418, 960]","[424, 425]"
2-blind_road_occupied-431,2,431,14.862,blind_road_occupied,盲道占用,0.6069,front,前方盲道被占用，请注意绕行。,"[157, 562, 366, 869]","[430, 431]"
2-blind_road_occupied-436,2,436,15.034,blind_road_occupied,盲道占用,0.8718,front,前方盲道被占用，请注意绕行。,"[150, 596, 363, 951]","[435, 436]"
2-blind_road_occupied-441,2,441,15.207,blind_road_occupied,盲道占用,0.6492,front,前方盲道被占用，请注意绕行。,"[117, 619, 366, 960]","[440, 441]"
2-blind_road_occupied-446,2,446,15.379,blind_road_occupied,盲道占用,0.8096,front,前方盲道被占用，请注意绕行。,"[141, 646, 371, 959]","[445, 446]"
2-blind_road_occupied-451,2,451,15.552,blind_road_occupied,盲道占用,0.7556,front,前方盲道被占用，请注意绕行。,"[241, 428, 326, 540]","[450, 451]"
2-blind_road_occupied-456,2,456,15.724,blind_road_occupied,盲道占用,0.7842,front,前方盲道被占用，请注意绕行。,"[233, 438, 321, 554]","[455, 456]"
2-blind_road_occupied-461,2,461,15.897,blind_road_occupied,盲道占用,0.7820,front,前方盲道被占用，请注意绕行。,"[224, 441, 320, 563]","[460, 461]"
2-blind_road_occupied-466,2,466,16.069,blind_road_occupied,盲道占用,0.7499,front,前方盲道被占用，请注意绕行。,"[218, 445, 318, 579]","[465, 466]"
2-blind_road_occupied-471,2,471,16.241,blind_road_occupied,盲道占用,0.6507,front,前方盲道被占用，请注意绕行。,"[214, 453, 320, 604]","[470, 471]"
2-blind_road_occupied-477,2,477,16.448,blind_road_occupied,盲道占用,0.5986,front,前方盲道被占用，请注意绕行。,"[213, 453, 326, 615]","[476, 477]"
2-blind_road_occupied-482,2,482,16.621,blind_road_occupied,盲道占用,0.6865,front,前方盲道被占用，请注意绕行。,"[218, 455, 336, 630]","[481, 482]"
2-blind_road_occupied-487,2,487,16.793,blind_road_occupied,盲道占用,0.5601,front,前方盲道被占用，请注意绕行。,"[220, 464, 344, 658]","[486, 487]"
2-blind_road_occupied-492,2,492,16.966,blind_road_occupied,盲道占用,0.7042,front,前方盲道被占用，请注意绕行。,"[214, 470, 346, 675]","[491, 492]"
2-blind_road_occupied-505,2,505,17.414,blind_road_occupied,盲道占用,0.6609,front,前方盲道被占用，请注意绕行。,"[150, 487, 351, 960]","[504, 505]"
2-blind_road_occupied-510,2,510,17.586,blind_road_occupied,盲道占用,0.7838,front,前方盲道被占用，请注意绕行。,"[100, 494, 338, 955]","[509, 510]"
2-blind_road_occupied-515,2,515,17.759,blind_road_occupied,盲道占用,0.7773,front,前方盲道被占用，请注意绕行。,"[80, 502, 346, 960]","[514, 515]"
2-blind_road_occupied-522,2,522,18.0,blind_road_occupied,盲道占用,0.7367,front,前方盲道被占用，请注意绕行。,"[109, 521, 311, 920]","[521, 522]"
2-blind_road_occupied-527,2,527,18.172,blind_road_occupied,盲道占用,0.8783,front,前方盲道被占用，请注意绕行。,"[75, 526, 300, 960]","[526, 527]"
2-blind_road_occupied-532,2,532,18.345,blind_road_occupied,盲道占用,0.8754,left_front,前方盲道被占用，建议向左前方绕行。,"[23, 529, 288, 960]","[531, 532]"
2-blind_road_occupied-537,2,537,18.517,blind_road_occupied,盲道占用,0.8904,left_front,前方盲道被占用，建议向左前方绕行。,"[15, 542, 290, 960]","[536, 537]"
2-blind_road_occupied-542,2,542,18.69,blind_road_occupied,盲道占用,0.8638,left_front,前方盲道被占用，建议向左前方绕行。,"[10, 559, 295, 960]","[541, 542]"
2-blind_road_occupied-547,2,547,18.862,blind_road_occupied,盲道占用,0.8546,left_front,前方盲道被占用，建议向左前方绕行。,"[11, 567, 314, 960]","[546, 547]"
2-blind_road_occupied-552,2,552,19.034,blind_road_occupied,盲道占用,0.8522,left_front,前方盲道被占用，建议向左前方绕行。,"[15, 577, 329, 960]","[551, 552]"
2-blind_road_occupied-557,2,557,19.207,blind_road_occupied,盲道占用,0.7789,front,前方盲道被占用，请注意绕行。,"[32, 596, 347, 960]","[556, 557]"
2-blind_road_occupied-562,2,562,19.379,blind_road_occupied,盲道占用,0.8127,front,前方盲道被占用，请注意绕行。,"[64, 620, 359, 960]","[561, 562]"
3-blind_road_occupied-2,3,2,0.069,blind_road_occupied,盲道占用,0.8568,front,前方盲道被占用，请注意绕行。,"[123, 302, 540, 960]","[1, 2]"
3-blind_road_occupied-7,3,7,0.241,blind_road_occupied,盲道占用,0.8593,front,前方盲道被占用，请注意绕行。,"[114, 291, 540, 960]","[6, 7]"
3-blind_road_occupied-12,3,12,0.414,blind_road_occupied,盲道占用,0.8825,front,前方盲道被占用，请注意绕行。,"[99, 302, 536, 958]","[11, 12]"
3-blind_road_occupied-17,3,17,0.586,blind_road_occupied,盲道占用,0.9044,front,前方盲道被占用，请注意绕行。,"[78, 287, 535, 958]","[16, 17]"
3-blind_road_occupied-22,3,22,0.759,blind_road_occupied,盲道占用,0.8834,front,前方盲道被占用，请注意绕行。,"[57, 293, 537, 960]","[21, 22]"
3-blind_road_occupied-27,3,27,0.931,blind_road_occupied,盲道占用,0.9050,front,前方盲道被占用，请注意绕行。,"[59, 303, 537, 959]","[26, 27]"
3-blind_road_occupied-32,3,32,1.103,blind_road_occupied,盲道占用,0.9139,front,前方盲道被占用，请注意绕行。,"[46, 289, 539, 959]","[31, 32]"
3-blind_road_occupied-37,3,37,1.276,blind_road_occupied,盲道占用,0.9133,front,前方盲道被占用，请注意绕行。,"[50, 304, 537, 960]","[36, 37]"
3-blind_road_occupied-42,3,42,1.448,blind_road_occupied,盲道占用,0.9222,front,前方盲道被占用，请注意绕行。,"[54, 294, 538, 960]","[41, 42]"
3-blind_road_occupied-47,3,47,1.621,blind_road_occupied,盲道占用,0.8707,front,前方盲道被占用，请注意绕行。,"[83, 295, 538, 960]","[46, 47]"
3-blind_road_occupied-52,3,52,1.793,blind_road_occupied,盲道占用,0.6625,front,前方盲道被占用，请注意绕行。,"[116, 273, 540, 959]","[51, 52]"
3-blind_road_occupied-57,3,57,1.966,blind_road_occupied,盲道占用,0.6584,front,前方盲道被占用，请注意绕行。,"[128, 228, 540, 960]","[56, 57]"
3-blind_road_occupied-62,3,62,2.138,blind_road_occupied,盲道占用,0.6927,front,前方盲道被占用，请注意绕行。,"[112, 281, 540, 960]","[61, 62]"
3-blind_road_occupied-67,3,67,2.31,blind_road_occupied,盲道占用,0.7906,front,前方盲道被占用，请注意绕行。,"[91, 289, 540, 960]","[66, 67]"
3-blind_road_occupied-72,3,72,2.483,blind_road_occupied,盲道占用,0.8299,front,前方盲道被占用，请注意绕行。,"[104, 299, 540, 958]","[71, 72]"
3-blind_road_occupied-77,3,77,2.655,blind_road_occupied,盲道占用,0.8733,right_front,前方盲道被占用，建议向右前方绕行。,"[202, 302, 539, 960]","[76, 77]"
3-blind_road_occupied-82,3,82,2.828,blind_road_occupied,盲道占用,0.8491,front,前方盲道被占用，请注意绕行。,"[153, 300, 539, 959]","[81, 82]"
3-blind_road_occupied-87,3,87,3.0,blind_road_occupied,盲道占用,0.8848,front,前方盲道被占用，请注意绕行。,"[131, 333, 540, 958]","[86, 87]"
3-blind_road_occupied-92,3,92,3.172,blind_road_occupied,盲道占用,0.8744,front,前方盲道被占用，请注意绕行。,"[123, 345, 540, 956]","[91, 92]"
3-blind_road_occupied-97,3,97,3.345,blind_road_occupied,盲道占用,0.9164,front,前方盲道被占用，请注意绕行。,"[120, 379, 540, 960]","[96, 97]"
3-blind_road_occupied-102,3,102,3.517,blind_road_occupied,盲道占用,0.9259,front,前方盲道被占用，请注意绕行。,"[119, 391, 540, 960]","[101, 102]"
3-blind_road_occupied-107,3,107,3.69,blind_road_occupied,盲道占用,0.7840,front,前方盲道被占用，请注意绕行。,"[117, 401, 540, 959]","[106, 107]"
3-blind_road_occupied-112,3,112,3.862,blind_road_occupied,盲道占用,0.8219,front,前方盲道被占用，请注意绕行。,"[116, 437, 418, 960]","[111, 112]"
3-blind_road_occupied-117,3,117,4.034,blind_road_occupied,盲道占用,0.8722,front,前方盲道被占用，请注意绕行。,"[113, 478, 444, 960]","[116, 117]"
3-blind_road_occupied-122,3,122,4.207,blind_road_occupied,盲道占用,0.9193,front,前方盲道被占用，请注意绕行。,"[122, 506, 433, 960]","[121, 122]"
3-blind_road_occupied-127,3,127,4.379,blind_road_occupied,盲道占用,0.9257,front,前方盲道被占用，请注意绕行。,"[127, 543, 423, 960]","[126, 127]"
3-blind_road_occupied-132,3,132,4.552,blind_road_occupied,盲道占用,0.9140,front,前方盲道被占用，请注意绕行。,"[117, 587, 421, 960]","[131, 132]"
3-blind_road_occupied-137,3,137,4.724,blind_road_occupied,盲道占用,0.8903,front,前方盲道被占用，请注意绕行。,"[116, 615, 416, 960]","[136, 137]"
3-blind_road_occupied-142,3,142,4.897,blind_road_occupied,盲道占用,0.8960,front,前方盲道被占用，请注意绕行。,"[118, 638, 419, 960]","[141, 142]"
3-road_obstacle-145,3,145,5.0,road_obstacle,路面障碍,0.6146,front,前方有障碍，请注意避让。,"[3, 66, 489, 960]","[144, 145]"
3-blind_road_occupied-147,3,147,5.069,blind_road_occupied,盲道占用,0.8660,front,前方盲道被占用，请注意绕行。,"[121, 677, 431, 959]","[146, 147]"
3-road_obstacle-150,3,150,5.172,road_obstacle,路面障碍,0.6771,front,前方有障碍，请注意避让。,"[0, 42, 506, 826]","[149, 150]"
3-blind_road_occupied-152,3,152,5.241,blind_road_occupied,盲道占用,0.7919,front,前方盲道被占用，请注意绕行。,"[138, 717, 449, 959]","[151, 152]"
3-road_obstacle-155,3,155,5.345,road_obstacle,路面障碍,0.6227,front,前方有障碍，请注意避让。,"[0, 80, 496, 937]","[154, 155]"
3-blind_road_occupied-157,3,157,5.414,blind_road_occupied,盲道占用,0.5740,front,前方盲道被占用，请注意绕行。,"[120, 740, 440, 960]","[156, 157]"
3-road_obstacle-160,3,160,5.517,road_obstacle,路面障碍,0.6464,left_front,左前方有障碍，请注意避让。,"[12, 4, 224, 253]","[159, 160]"
3-blind_road_occupied-162,3,162,5.586,blind_road_occupied,盲道占用,0.6291,front,前方盲道被占用，请注意绕行。,"[105, 750, 421, 960]","[161, 162]"
3-road_obstacle-165,3,165,5.69,road_obstacle,路面障碍,0.7148,right_front,右前方有障碍，请注意避让。,"[185, 1, 539, 453]","[164, 165]"
3-road_obstacle-170,3,170,5.862,road_obstacle,路面障碍,0.8840,front,前方有障碍，请注意避让。,"[126, 4, 520, 448]","[169, 170]"
3-road_obstacle-176,3,176,6.069,road_obstacle,路面障碍,0.5727,front,前方有障碍，请注意避让。,"[2, 0, 395, 436]","[175, 176]"
3-road_obstacle-181,3,181,6.241,road_obstacle,路面障碍,0.6220,left_front,左前方有障碍，请注意避让。,"[15, 3, 314, 447]","[180, 181]"
3-road_obstacle-186,3,186,6.414,road_obstacle,路面障碍,0.8793,left_front,左前方有障碍，请注意避让。,"[1, 1, 252, 461]","[185, 186]"
3-road_obstacle-191,3,191,6.586,road_obstacle,路面障碍,0.8413,left_front,左前方有障碍，请注意避让。,"[2, 0, 198, 489]","[190, 191]"
3-road_obstacle-231,3,231,7.966,road_obstacle,路面障碍,0.6619,left_front,左前方有障碍，请注意避让。,"[2, 178, 142, 663]","[230, 231]"
3-blind_road_occupied-280,3,280,9.655,blind_road_occupied,盲道占用,0.6479,left_front,前方盲道被占用，建议向左前方绕行。,"[0, 25, 346, 539]","[279, 280]"
3-blind_road_occupied-285,3,285,9.828,blind_road_occupied,盲道占用,0.8571,front,前方盲道被占用，请注意绕行。,"[0, 18, 404, 595]","[284, 285]"
3-blind_road_occupied-290,3,290,10.0,blind_road_occupied,盲道占用,0.8559,front,前方盲道被占用，请注意绕行。,"[0, 16, 435, 599]","[289, 290]"
3-blind_road_occupied-295,3,295,10.172,blind_road_occupied,盲道占用,0.8607,front,前方盲道被占用，请注意绕行。,"[0, 24, 448, 632]","[294, 295]"
3-blind_road_occupied-300,3,300,10.345,blind_road_occupied,盲道占用,0.8291,front,前方盲道被占用，请注意绕行。,"[0, 24, 466, 688]","[299, 300]"
3-blind_road_occupied-305,3,305,10.517,blind_road_occupied,盲道占用,0.8218,front,前方盲道被占用，请注意绕行。,"[0, 17, 474, 725]","[304, 305]"
3-blind_road_occupied-310,3,310,10.69,blind_road_occupied,盲道占用,0.8714,front,前方盲道被占用，请注意绕行。,"[0, 43, 479, 735]","[309, 310]"
3-blind_road_occupied-315,3,315,10.862,blind_road_occupied,盲道占用,0.6740,front,前方盲道被占用，请注意绕行。,"[18, 46, 491, 754]","[314, 315]"
3-blind_road_occupied-320,3,320,11.034,blind_road_occupied,盲道占用,0.8598,front,前方盲道被占用，请注意绕行。,"[41, 47, 502, 764]","[319, 320]"
3-blind_road_occupied-325,3,325,11.207,blind_road_occupied,盲道占用,0.7907,front,前方盲道被占用，请注意绕行。,"[67, 47, 519, 835]","[324, 325]"
3-blind_road_occupied-330,3,330,11.379,blind_road_occupied,盲道占用,0.7068,front,前方盲道被占用，请注意绕行。,"[44, 46, 516, 893]","[329, 330]"
3-blind_road_occupied-335,3,335,11.552,blind_road_occupied,盲道占用,0.7401,front,前方盲道被占用，请注意绕行。,"[37, 44, 511, 960]","[334, 335]"
3-blind_road_occupied-340,3,340,11.724,blind_road_occupied,盲道占用,0.7714,front,前方盲道被占用，请注意绕行。,"[62, 58, 499, 959]","[339, 340]"
3-blind_road_occupied-345,3,345,11.897,blind_road_occupied,盲道占用,0.7281,front,前方盲道被占用，请注意绕行。,"[56, 70, 487, 959]","[344, 345]"
3-blind_road_occupied-350,3,350,12.069,blind_road_occupied,盲道占用,0.6519,front,前方盲道被占用，请注意绕行。,"[31, 73, 469, 960]","[349, 350]"
3-blind_road_occupied-355,3,355,12.241,blind_road_occupied,盲道占用,0.7674,front,前方盲道被占用，请注意绕行。,"[60, 85, 441, 958]","[354, 355]"
3-blind_road_occupied-360,3,360,12.414,blind_road_occupied,盲道占用,0.7647,front,前方盲道被占用，请注意绕行。,"[19, 103, 384, 958]","[359, 360]"
3-blind_road_occupied-365,3,365,12.586,blind_road_occupied,盲道占用,0.6506,left_front,前方盲道被占用，建议向左前方绕行。,"[1, 78, 337, 960]","[364, 365]"
3-blind_road_occupied-373,3,373,12.862,blind_road_occupied,盲道占用,0.5723,left_front,前方盲道被占用，建议向左前方绕行。,"[4, 127, 311, 960]","[372, 373]"
3-blind_road_occupied-382,3,382,13.172,blind_road_occupied,盲道占用,0.6724,left_front,前方盲道被占用，建议向左前方绕行。,"[7, 161, 295, 960]","[381, 382]"
3-blind_road_occupied-395,3,395,13.621,blind_road_occupied,盲道占用,0.6535,front,前方盲道被占用，请注意绕行。,"[75, 197, 330, 951]","[394, 395]"
3-blind_road_occupied-400,3,400,13.793,blind_road_occupied,盲道占用,0.8540,front,前方盲道被占用，请注意绕行。,"[52, 207, 350, 960]","[399, 400]"
3-blind_road_occupied-405,3,405,13.966,blind_road_occupied,盲道占用,0.8874,front,前方盲道被占用，请注意绕行。,"[65, 220, 366, 960]","[404, 405]"
3-blind_road_occupied-410,3,410,14.138,blind_road_occupied,盲道占用,0.9166,front,前方盲道被占用，请注意绕行。,"[47, 239, 379, 958]","[409, 410]"
3-blind_road_occupied-415,3,415,14.31,blind_road_occupied,盲道占用,0.9128,front,前方盲道被占用，请注意绕行。,"[45, 259, 382, 959]","[414, 415]"
3-blind_road_occupied-420,3,420,14.483,blind_road_occupied,盲道占用,0.9232,front,前方盲道被占用，请注意绕行。,"[57, 273, 399, 959]","[419, 420]"
3-blind_road_occupied-425,3,425,14.655,blind_road_occupied,盲道占用,0.9166,front,前方盲道被占用，请注意绕行。,"[74, 297, 413, 959]","[424, 425]"
3-blind_road_occupied-430,3,430,14.828,blind_road_occupied,盲道占用,0.9281,front,前方盲道被占用，请注意绕行。,"[99, 308, 438, 960]","[429, 430]"
3-blind_road_occupied-435,3,435,15.0,blind_road_occupied,盲道占用,0.9333,front,前方盲道被占用，请注意绕行。,"[107, 320, 442, 960]","[434, 435]"
3-blind_road_occupied-440,3,440,15.172,blind_road_occupied,盲道占用,0.9021,front,前方盲道被占用，请注意绕行。,"[95, 341, 440, 960]","[439, 440]"
3-blind_road_occupied-445,3,445,15.345,blind_road_occupied,盲道占用,0.9139,front,前方盲道被占用，请注意绕行。,"[122, 356, 434, 960]","[444, 445]"
3-blind_road_occupied-450,3,450,15.517,blind_road_occupied,盲道占用,0.9237,front,前方盲道被占用，请注意绕行。,"[130, 364, 425, 960]","[449, 450]"
3-blind_road_occupied-455,3,455,15.69,blind_road_occupied,盲道占用,0.9185,front,前方盲道被占用，请注意绕行。,"[136, 367, 422, 960]","[454, 455]"
3-blind_road_occupied-460,3,460,15.862,blind_road_occupied,盲道占用,0.9153,front,前方盲道被占用，请注意绕行。,"[135, 384, 419, 960]","[459, 460]"
3-blind_road_occupied-465,3,465,16.034,blind_road_occupied,盲道占用,0.9104,front,前方盲道被占用，请注意绕行。,"[135, 400, 423, 960]","[464, 465]"
3-blind_road_occupied-470,3,470,16.207,blind_road_occupied,盲道占用,0.9097,front,前方盲道被占用，请注意绕行。,"[122, 401, 410, 960]","[469, 470]"
3-blind_road_occupied-475,3,475,16.379,blind_road_occupied,盲道占用,0.9158,front,前方盲道被占用，请注意绕行。,"[121, 418, 398, 960]","[474, 475]"
3-blind_road_occupied-480,3,480,16.552,blind_road_occupied,盲道占用,0.9122,front,前方盲道被占用，请注意绕行。,"[114, 442, 385, 960]","[479, 480]"
3-blind_road_occupied-485,3,485,16.724,blind_road_occupied,盲道占用,0.9199,front,前方盲道被占用，请注意绕行。,"[99, 452, 371, 960]","[484, 485]"
3-blind_road_occupied-490,3,490,16.897,blind_road_occupied,盲道占用,0.9183,front,前方盲道被占用，请注意绕行。,"[89, 468, 360, 960]","[489, 490]"
3-blind_road_occupied-495,3,495,17.069,blind_road_occupied,盲道占用,0.8823,front,前方盲道被占用，请注意绕行。,"[58, 485, 341, 960]","[494, 495]"
3-blind_road_occupied-500,3,500,17.241,blind_road_occupied,盲道占用,0.9110,front,前方盲道被占用，请注意绕行。,"[47, 504, 317, 960]","[499, 500]"
3-road_obstacle-503,3,503,17.345,road_obstacle,路面障碍,0.5708,right_front,右前方有障碍，请注意避让。,"[330, 11, 499, 357]","[502, 503]"
3-blind_road_occupied-505,3,505,17.414,blind_road_occupied,盲道占用,0.9020,left_front,前方盲道被占用，建议向左前方绕行。,"[28, 518, 298, 960]","[504, 505]"
3-road_obstacle-509,3,509,17.552,road_obstacle,路面障碍,0.6225,right_front,右前方有障碍，请注意避让。,"[330, 11, 485, 348]","[508, 509]"
3-blind_road_occupied-510,3,510,17.586,blind_road_occupied,盲道占用,0.8619,left_front,前方盲道被占用，建议向左前方绕行。,"[22, 535, 290, 960]","[509, 510]"
3-road_obstacle-514,3,514,17.724,road_obstacle,路面障碍,0.6887,right_front,右前方有障碍，请注意避让。,"[327, 23, 471, 355]","[513, 514]"
3-blind_road_occupied-515,3,515,17.759,blind_road_occupied,盲道占用,0.8251,front,前方盲道被占用，请注意绕行。,"[97, 575, 292, 960]","[514, 515]"
3-road_obstacle-519,3,519,17.897,road_obstacle,路面障碍,0.5702,right_front,右前方有障碍，请注意避让。,"[337, 32, 467, 358]","[518, 519]"
3-blind_road_occupied-520,3,520,17.931,blind_road_occupied,盲道占用,0.6357,front,前方盲道被占用，请注意绕行。,"[95, 586, 288, 960]","[519, 520]"
3-road_obstacle-524,3,524,18.069,road_obstacle,路面障碍,0.5701,right_front,右前方有障碍，请注意避让。,"[332, 41, 458, 362]","[523, 524]"
3-blind_road_occupied-526,3,526,18.138,blind_road_occupied,盲道占用,0.5986,front,前方盲道被占用，请注意绕行。,"[97, 632, 290, 960]","[525, 526]"
3-road_obstacle-531,3,531,18.31,road_obstacle,路面障碍,0.7199,front,前方有障碍，请注意避让。,"[1, 246, 447, 681]","[530, 531]"
3-blind_road_occupied-534,3,534,18.414,blind_road_occupied,盲道占用,0.6539,left_front,前方盲道被占用，建议向左前方绕行。,"[49, 670, 271, 960]","[533, 534]"
3-road_obstacle-536,3,536,18.483,road_obstacle,路面障碍,0.7243,front,前方有障碍，请注意避让。,"[1, 308, 456, 798]","[535, 536]"
3-blind_road_occupied-540,3,540,18.621,blind_road_occupied,盲道占用,0.7109,left_front,前方盲道被占用，建议向左前方绕行。,"[7, 733, 258, 960]","[539, 540]"
3-road_obstacle-541,3,541,18.655,road_obstacle,路面障碍,0.7204,right_front,右前方有障碍，请注意避让。,"[330, 42, 479, 353]","[540, 541]"
3-blind_road_occupied-545,3,545,18.793,blind_road_occupied,盲道占用,0.6347,left_front,前方盲道被占用，建议向左前方绕行。,"[0, 744, 262, 960]","[544, 545]"
3-road_obstacle-546,3,546,18.828,road_obstacle,路面障碍,0.7219,right_front,右前方有障碍，请注意避让。,"[338, 38, 482, 344]","[545, 546]"
4-road_obstacle-2,4,2,0.069,road_obstacle,路面障碍,0.8363,right_front,右前方有障碍，请注意避让。,"[413, 247, 539, 304]","[1, 2]"
4-road_obstacle-7,4,7,0.241,road_obstacle,路面障碍,0.8154,right_front,右前方有障碍，请注意避让。,"[427, 241, 539, 298]","[6, 7]"
4-road_obstacle-12,4,12,0.414,road_obstacle,路面障碍,0.7029,right_front,右前方有障碍，请注意避让。,"[432, 238, 539, 296]","[11, 12]"
4-road_obstacle-17,4,17,0.586,road_obstacle,路面障碍,0.6667,right_front,右前方有障碍，请注意避让。,"[431, 235, 539, 294]","[16, 17]"
4-road_obstacle-22,4,22,0.759,road_obstacle,路面障碍,0.7834,right_front,右前方有障碍，请注意避让。,"[428, 231, 539, 290]","[21, 22]"
4-road_obstacle-27,4,27,0.931,road_obstacle,路面障碍,0.8197,right_front,右前方有障碍，请注意避让。,"[432, 223, 539, 284]","[26, 27]"
4-road_obstacle-32,4,32,1.103,road_obstacle,路面障碍,0.8323,right_front,右前方有障碍，请注意避让。,"[432, 215, 540, 279]","[31, 32]"
4-road_obstacle-37,4,37,1.276,road_obstacle,路面障碍,0.8191,right_front,右前方有障碍，请注意避让。,"[436, 212, 539, 277]","[36, 37]"
4-road_obstacle-42,4,42,1.448,road_obstacle,路面障碍,0.8307,right_front,右前方有障碍，请注意避让。,"[438, 207, 539, 270]","[41, 42]"
4-road_obstacle-47,4,47,1.621,road_obstacle,路面障碍,0.7997,right_front,右前方有障碍，请注意避让。,"[444, 199, 539, 263]","[46, 47]"
4-road_obstacle-52,4,52,1.793,road_obstacle,路面障碍,0.7932,right_front,右前方有障碍，请注意避让。,"[453, 188, 540, 254]","[51, 52]"
4-road_obstacle-57,4,57,1.966,road_obstacle,路面障碍,0.8070,right_front,右前方有障碍，请注意避让。,"[459, 180, 540, 243]","[56, 57]"
4-road_obstacle-62,4,62,2.138,road_obstacle,路面障碍,0.7355,right_front,右前方有障碍，请注意避让。,"[459, 182, 540, 246]","[61, 62]"
4-road_obstacle-67,4,67,2.31,road_obstacle,路面障碍,0.8036,right_front,右前方有障碍，请注意避让。,"[455, 190, 540, 255]","[66, 67]"
4-road_obstacle-72,4,72,2.483,road_obstacle,路面障碍,0.8158,right_front,右前方有障碍，请注意避让。,"[451, 190, 540, 257]","[71, 72]"
4-road_obstacle-77,4,77,2.655,road_obstacle,路面障碍,0.8179,right_front,右前方有障碍，请注意避让。,"[452, 190, 540, 259]","[76, 77]"
4-road_obstacle-82,4,82,2.828,road_obstacle,路面障碍,0.8220,right_front,右前方有障碍，请注意避让。,"[459, 195, 540, 264]","[81, 82]"
4-road_obstacle-87,4,87,3.0,road_obstacle,路面障碍,0.7855,right_front,右前方有障碍，请注意避让。,"[471, 211, 540, 270]","[86, 87]"
4-road_obstacle-92,4,92,3.172,road_obstacle,路面障碍,0.7640,right_front,右前方有障碍，请注意避让。,"[473, 225, 540, 283]","[91, 92]"
4-road_obstacle-97,4,97,3.345,road_obstacle,路面障碍,0.7488,right_front,右前方有障碍，请注意避让。,"[478, 236, 540, 292]","[96, 97]"
4-road_obstacle-102,4,102,3.517,road_obstacle,路面障碍,0.6223,right_front,右前方有障碍，请注意避让。,"[357, 271, 373, 336]","[101, 102]"
4-road_obstacle-107,4,107,3.69,road_obstacle,路面障碍,0.6533,right_front,右前方有障碍，请注意避让。,"[489, 267, 540, 318]","[106, 107]"
4-road_obstacle-112,4,112,3.862,road_obstacle,路面障碍,0.6473,right_front,右前方有障碍，请注意避让。,"[473, 311, 503, 423]","[111, 112]"
4-road_obstacle-117,4,117,4.034,road_obstacle,路面障碍,0.6359,right_front,右前方有障碍，请注意避让。,"[481, 308, 510, 425]","[116, 117]"
4-road_obstacle-122,4,122,4.207,road_obstacle,路面障碍,0.5841,right_front,右前方有障碍，请注意避让。,"[378, 273, 396, 341]","[121, 122]"
4-road_obstacle-127,4,127,4.379,road_obstacle,路面障碍,0.6779,front,前方有障碍，请注意避让。,"[312, 267, 339, 421]","[126, 127]"
4-road_obstacle-132,4,132,4.552,road_obstacle,路面障碍,0.6801,front,前方有障碍，请注意避让。,"[343, 248, 374, 407]","[131, 132]"
4-road_obstacle-137,4,137,4.724,road_obstacle,路面障碍,0.6336,right_front,右前方有障碍，请注意避让。,"[355, 235, 386, 390]","[136, 137]"
4-road_obstacle-142,4,142,4.897,road_obstacle,路面障碍,0.6755,front,前方有障碍，请注意避让。,"[321, 236, 355, 427]","[141, 142]"
4-road_obstacle-147,4,147,5.069,road_obstacle,路面障碍,0.5793,right_front,右前方有障碍，请注意避让。,"[398, 196, 421, 282]","[146, 147]"
4-road_obstacle-152,4,152,5.241,road_obstacle,路面障碍,0.5591,front,前方有障碍，请注意避让。,"[246, 229, 281, 454]","[151, 152]"
4-road_obstacle-164,4,164,5.655,road_obstacle,路面障碍,0.6560,front,前方有障碍，请注意避让。,"[233, 209, 276, 521]","[163, 164]"
4-road_obstacle-169,4,169,5.828,road_obstacle,路面障碍,0.6280,front,前方有障碍，请注意避让。,"[209, 256, 255, 556]","[168, 169]"
4-road_obstacle-175,4,175,6.034,road_obstacle,路面障碍,0.6150,front,前方有障碍，请注意避让。,"[183, 259, 235, 593]","[174, 175]"
4-road_obstacle-180,4,180,6.207,road_obstacle,路面障碍,0.6965,front,前方有障碍，请注意避让。,"[184, 265, 232, 513]","[179, 180]"
4-road_obstacle-185,4,185,6.379,road_obstacle,路面障碍,0.7681,front,前方有障碍，请注意避让。,"[192, 265, 241, 532]","[184, 185]"
4-road_obstacle-190,4,190,6.552,road_obstacle,路面障碍,0.7659,front,前方有障碍，请注意避让。,"[191, 289, 245, 585]","[189, 190]"
4-road_obstacle-195,4,195,6.724,road_obstacle,路面障碍,0.7650,front,前方有障碍，请注意避让。,"[152, 315, 211, 641]","[194, 195]"
4-road_obstacle-200,4,200,6.897,road_obstacle,路面障碍,0.7694,left_front,左前方有障碍，请注意避让。,"[95, 337, 164, 708]","[199, 200]"
4-road_obstacle-205,4,205,7.069,road_obstacle,路面障碍,0.7803,left_front,左前方有障碍，请注意避让。,"[49, 589, 117, 795]","[204, 205]"
4-road_obstacle-210,4,210,7.241,road_obstacle,路面障碍,0.6804,front,前方有障碍，请注意避让。,"[233, 219, 258, 332]","[209, 210]"
4-road_obstacle-215,4,215,7.414,road_obstacle,路面障碍,0.6927,front,前方有障碍，请注意避让。,"[223, 223, 252, 352]","[214, 215]"
4-road_obstacle-220,4,220,7.586,road_obstacle,路面障碍,0.6718,front,前方有障碍，请注意避让。,"[226, 223, 255, 362]","[219, 220]"
4-road_obstacle-225,4,225,7.759,road_obstacle,路面障碍,0.6308,front,前方有障碍，请注意避让。,"[244, 222, 275, 348]","[224, 225]"
4-road_obstacle-231,4,231,7.966,road_obstacle,路面障碍,0.6857,front,前方有障碍，请注意避让。,"[271, 226, 304, 359]","[230, 231]"
4-road_obstacle-236,4,236,8.138,road_obstacle,路面障碍,0.7056,front,前方有障碍，请注意避让。,"[283, 234, 317, 377]","[235, 236]"
4-road_obstacle-248,4,248,8.552,road_obstacle,路面障碍,0.6283,front,前方有障碍，请注意避让。,"[243, 264, 280, 420]","[247, 248]"
4-road_obstacle-253,4,253,8.724,road_obstacle,路面障碍,0.6956,front,前方有障碍，请注意避让。,"[242, 275, 278, 436]","[252, 253]"
4-road_obstacle-264,4,264,9.103,road_obstacle,路面障碍,0.7397,front,前方有障碍，请注意避让。,"[256, 290, 296, 474]","[263, 264]"
4-road_obstacle-269,4,269,9.276,road_obstacle,路面障碍,0.7152,front,前方有障碍，请注意避让。,"[250, 307, 294, 501]","[268, 269]"
4-road_obstacle-274,4,274,9.448,road_obstacle,路面障碍,0.7563,front,前方有障碍，请注意避让。,"[232, 320, 276, 529]","[273, 274]"
4-road_obstacle-279,4,279,9.621,road_obstacle,路面障碍,0.7776,front,前方有障碍，请注意避让。,"[225, 333, 274, 551]","[278, 279]"
4-road_obstacle-284,4,284,9.793,road_obstacle,路面障碍,0.7654,front,前方有障碍，请注意避让。,"[226, 350, 278, 589]","[283, 284]"
4-road_obstacle-289,4,289,9.966,road_obstacle,路面障碍,0.7384,front,前方有障碍，请注意避让。,"[226, 360, 279, 620]","[288, 289]"
4-road_obstacle-294,4,294,10.138,road_obstacle,路面障碍,0.7262,front,前方有障碍，请注意避让。,"[212, 373, 271, 666]","[293, 294]"
4-road_obstacle-299,4,299,10.31,road_obstacle,路面障碍,0.6719,front,前方有障碍，请注意避让。,"[205, 377, 266, 690]","[298, 299]"
4-road_obstacle-304,4,304,10.483,road_obstacle,路面障碍,0.7189,front,前方有障碍，请注意避让。,"[223, 384, 290, 728]","[303, 304]"
4-road_obstacle-309,4,309,10.655,road_obstacle,路面障碍,0.7702,front,前方有障碍，请注意避让。,"[267, 416, 343, 801]","[308, 309]"
4-road_obstacle-314,4,314,10.828,road_obstacle,路面障碍,0.7585,right_front,右前方有障碍，请注意避让。,"[316, 431, 415, 871]","[313, 314]"
4-road_obstacle-319,4,319,11.0,road_obstacle,路面障碍,0.7723,right_front,右前方有障碍，请注意避让。,"[346, 466, 484, 959]","[318, 319]"
4-road_obstacle-324,4,324,11.172,road_obstacle,路面障碍,0.7321,right_front,右前方有障碍，请注意避让。,"[368, 548, 540, 959]","[323, 324]"
4-road_obstacle-509,4,509,17.552,road_obstacle,路面障碍,0.5903,front,前方有障碍，请注意避让。,"[215, 169, 276, 302]","[508, 509]"
4-road_obstacle-536,4,536,18.483,road_obstacle,路面障碍,0.5632,front,前方有障碍，请注意避让。,"[180, 164, 251, 320]","[535, 536]"
4-road_obstacle-603,4,603,20.793,road_obstacle,路面障碍,0.5923,left_front,左前方有障碍，请注意避让。,"[2, 216, 221, 452]","[602, 603]"
4-road_obstacle-632,4,632,21.793,road_obstacle,路面障碍,0.6589,front,前方有障碍，请注意避让。,"[224, 0, 266, 375]","[631, 632]"
4-road_obstacle-637,4,637,21.966,road_obstacle,路面障碍,0.6277,front,前方有障碍，请注意避让。,"[193, 0, 240, 385]","[636, 637]"
4-road_obstacle-642,4,642,22.138,road_obstacle,路面障碍,0.5865,front,前方有障碍，请注意避让。,"[168, 0, 217, 387]","[641, 642]"
4-road_obstacle-647,4,647,22.31,road_obstacle,路面障碍,0.8374,left_front,左前方有障碍，请注意避让。,"[1, 249, 163, 390]","[646, 647]"
4-blind_road_occupied-707,4,707,24.379,blind_road_occupied,盲道占用,0.5877,front,前方盲道被占用，请注意绕行。,"[4, 9, 490, 756]","[706, 707]"
4-blind_road_occupied-712,4,712,24.552,blind_road_occupied,盲道占用,0.6842,front,前方盲道被占用，请注意绕行。,"[4, 9, 518, 948]","[711, 712]"
4-blind_road_occupied-717,4,717,24.724,blind_road_occupied,盲道占用,0.7258,front,前方盲道被占用，请注意绕行。,"[30, 7, 539, 959]","[716, 717]"
4-blind_road_occupied-722,4,722,24.897,blind_road_occupied,盲道占用,0.7683,front,前方盲道被占用，请注意绕行。,"[37, 2, 540, 960]","[721, 722]"
5-stairs-4,5,4,0.143,stairs,台阶,0.5880,front,前方有台阶，请减速。,"[0, 400, 537, 693]","[3, 4]"
5-stairs-9,5,9,0.321,stairs,台阶,0.5909,front,前方有台阶，请减速。,"[0, 399, 538, 694]","[8, 9]"
5-road_obstacle-11,5,11,0.393,road_obstacle,路面障碍,0.5637,left_front,左前方有障碍，请注意避让。,"[3, 118, 112, 208]","[10, 11]"
5-road_obstacle-45,5,45,1.607,road_obstacle,路面障碍,0.6997,right_front,右前方有障碍，请注意避让。,"[304, 53, 467, 204]","[44, 45]"
5-road_obstacle-50,5,50,1.786,road_obstacle,路面障碍,0.5871,right_front,右前方有障碍，请注意避让。,"[313, 54, 480, 205]","[49, 50]"
5-road_obstacle-59,5,59,2.107,road_obstacle,路面障碍,0.6892,right_front,右前方有障碍，请注意避让。,"[284, 55, 455, 208]","[58, 59]"
5-road_obstacle-64,5,64,2.286,road_obstacle,路面障碍,0.5881,front,前方有障碍，请注意避让。,"[250, 53, 424, 209]","[63, 64]"
5-road_obstacle-69,5,69,2.464,road_obstacle,路面障碍,0.6219,front,前方有障碍，请注意避让。,"[234, 52, 410, 212]","[68, 69]"
5-road_obstacle-74,5,74,2.643,road_obstacle,路面障碍,0.8436,front,前方有障碍，请注意避让。,"[227, 54, 406, 214]","[73, 74]"
5-road_obstacle-79,5,79,2.821,road_obstacle,路面障碍,0.8005,front,前方有障碍，请注意避让。,"[227, 54, 407, 217]","[78, 79]"
5-road_obstacle-85,5,85,3.036,road_obstacle,路面障碍,0.5677,left_front,左前方有障碍，请注意避让。,"[2, 94, 88, 200]","[84, 85]"
5-blind_road_occupied-227,5,227,8.107,blind_road_occupied,盲道占用,0.7146,front,前方盲道被占用，请注意绕行。,"[103, 49, 540, 960]","[226, 227]"
5-blind_road_occupied-232,5,232,8.286,blind_road_occupied,盲道占用,0.6918,front,前方盲道被占用，请注意绕行。,"[83, 0, 540, 960]","[231, 232]"
5-blind_road_occupied-250,5,250,8.929,blind_road_occupied,盲道占用,0.8141,front,前方盲道被占用，请注意绕行。,"[4, 0, 540, 960]","[249, 250]"
5-blind_road_occupied-257,5,257,9.179,blind_road_occupied,盲道占用,0.6916,front,前方盲道被占用，请注意绕行。,"[118, 2, 370, 960]","[256, 257]"
5-blind_road_occupied-262,5,262,9.357,blind_road_occupied,盲道占用,0.8597,front,前方盲道被占用，请注意绕行。,"[6, 1, 540, 958]","[261, 262]"
5-blind_road_occupied-298,5,298,10.643,blind_road_occupied,盲道占用,0.6335,front,前方盲道被占用，请注意绕行。,"[1, 43, 540, 958]","[297, 298]"
5-blind_road_occupied-303,5,303,10.821,blind_road_occupied,盲道占用,0.6630,front,前方盲道被占用，请注意绕行。,"[1, 87, 540, 960]","[302, 303]"
5-blind_road_occupied-312,5,312,11.143,blind_road_occupied,盲道占用,0.6217,front,前方盲道被占用，请注意绕行。,"[0, 32, 540, 960]","[311, 312]"
5-blind_road_occupied-339,5,339,12.107,blind_road_occupied,盲道占用,0.7477,front,前方盲道被占用，请注意绕行。,"[173, 369, 540, 959]","[338, 339]"
5-blind_road_occupied-345,5,345,12.321,blind_road_occupied,盲道占用,0.5731,front,前方盲道被占用，请注意绕行。,"[169, 366, 540, 958]","[344, 345]"
5-blind_road_occupied-450,5,450,16.071,blind_road_occupied,盲道占用,0.6904,front,前方盲道被占用，请注意绕行。,"[65, 249, 540, 960]","[449, 450]"
5-stairs-454,5,454,16.214,stairs,台阶,0.6827,front,前方有台阶，请减速。,"[160, 5, 540, 272]","[453, 454]"
5-blind_road_occupied-456,5,456,16.286,blind_road_occupied,盲道占用,0.7637,front,前方盲道被占用，请注意绕行。,"[74, 305, 540, 960]","[455, 456]"
5-stairs-459,5,459,16.393,stairs,台阶,0.6790,front,前方有台阶，请减速。,"[156, 1, 540, 323]","[458, 459]"
5-blind_road_occupied-462,5,462,16.5,blind_road_occupied,盲道占用,0.6043,front,前方盲道被占用，请注意绕行。,"[80, 363, 540, 960]","[461, 462]"
5-stairs-464,5,464,16.571,stairs,台阶,0.6517,front,前方有台阶，请减速。,"[148, 2, 540, 371]","[463, 464]"
5-stairs-469,5,469,16.75,stairs,台阶,0.6644,front,前方有台阶，请减速。,"[125, 4, 540, 461]","[468, 469]"
5-blind_road_occupied-469,5,469,16.75,blind_road_occupied,盲道占用,0.6195,front,前方盲道被占用，请注意绕行。,"[79, 488, 540, 959]","[468, 469]"
5-stairs-474,5,474,16.929,stairs,台阶,0.6895,front,前方有台阶，请减速。,"[124, 8, 540, 541]","[473, 474]"
5-stairs-479,5,479,17.107,stairs,台阶,0.6554,front,前方有台阶，请减速。,"[108, 3, 540, 624]","[478, 479]"
5-stairs-500,5,500,17.857,stairs,台阶,0.6075,front,前方有台阶，请减速。,"[63, 1, 540, 827]","[499, 500]"
5-stairs-509,5,509,18.179,stairs,台阶,0.5772,front,前方有台阶，请减速。,"[61, 2, 540, 735]","[508, 509]"
5-stairs-514,5,514,18.357,stairs,台阶,0.6663,front,前方有台阶，请减速。,"[40, 7, 540, 779]","[513, 514]"
5-stairs-533,5,533,19.036,stairs,台阶,0.6051,front,前方有台阶，请减速。,"[18, 1, 540, 710]","[532, 533]"
5-stairs-560,5,560,20.0,stairs,台阶,0.6388,front,前方有台阶，请减速。,"[42, 11, 438, 216]","[559, 560]"
5-stairs-565,5,565,20.179,stairs,台阶,0.6170,front,前方有台阶，请减速。,"[28, 22, 441, 227]","[564, 565]"
5-stairs-570,5,570,20.357,stairs,台阶,0.6032,front,前方有台阶，请减速。,"[24, 23, 436, 220]","[569, 570]"
5-stairs-575,5,575,20.536,stairs,台阶,0.6418,front,前方有台阶，请减速。,"[15, 17, 436, 220]","[574, 575]"
5-stairs-639,5,639,22.821,stairs,台阶,0.7454,front,前方有台阶，请减速。,"[81, 23, 540, 356]","[638, 639]"
5-stairs-644,5,644,23.0,stairs,台阶,0.8189,front,前方有台阶，请减速。,"[71, 28, 540, 385]","[643, 644]"
5-stairs-649,5,649,23.179,stairs,台阶,0.8316,front,前方有台阶，请减速。,"[67, 35, 540, 414]","[648, 649]"
5-stairs-654,5,654,23.357,stairs,台阶,0.8516,front,前方有台阶，请减速。,"[73, 50, 540, 444]","[653, 654]"
5-stairs-659,5,659,23.536,stairs,台阶,0.8319,front,前方有台阶，请减速。,"[72, 54, 540, 465]","[658, 659]"
5-stairs-664,5,664,23.714,stairs,台阶,0.8284,front,前方有台阶，请减速。,"[75, 51, 540, 474]","[663, 664]"
5-stairs-669,5,669,23.893,stairs,台阶,0.8369,front,前方有台阶，请减速。,"[69, 46, 540, 499]","[668, 669]"
5-stairs-674,5,674,24.071,stairs,台阶,0.8151,front,前方有台阶，请减速。,"[68, 34, 540, 506]","[673, 674]"
5-stairs-679,5,679,24.25,stairs,台阶,0.7739,front,前方有台阶，请减速。,"[64, 0, 540, 503]","[678, 679]"
5-stairs-684,5,684,24.429,stairs,台阶,0.8160,front,前方有台阶，请减速。,"[41, 2, 539, 503]","[683, 684]"
5-stairs-689,5,689,24.607,stairs,台阶,0.8046,front,前方有台阶，请减速。,"[4, 0, 540, 500]","[688, 689]"
5-stairs-694,5,694,24.786,stairs,台阶,0.7852,front,前方有台阶，请减速。,"[1, 2, 539, 481]","[693, 694]"
5-stairs-699,5,699,24.964,stairs,台阶,0.7558,front,前方有台阶，请减速。,"[1, 2, 540, 480]","[698, 699]"
5-stairs-704,5,704,25.143,stairs,台阶,0.7662,front,前方有台阶，请减速。,"[1, 1, 539, 472]","[703, 704]"
5-stairs-709,5,709,25.321,stairs,台阶,0.7351,front,前方有台阶，请减速。,"[1, 1, 540, 481]","[708, 709]"
5-stairs-714,5,714,25.5,stairs,台阶,0.7110,front,前方有台阶，请减速。,"[1, 1, 540, 510]","[713, 714]"
5-stairs-719,5,719,25.679,stairs,台阶,0.6936,front,前方有台阶，请减速。,"[0, 0, 540, 532]","[718, 719]"
5-stairs-724,5,724,25.857,stairs,台阶,0.6820,front,前方有台阶，请减速。,"[2, 1, 539, 551]","[723, 724]"
5-stairs-729,5,729,26.036,stairs,台阶,0.6763,front,前方有台阶，请减速。,"[0, 1, 540, 574]","[728, 729]"
5-stairs-734,5,734,26.214,stairs,台阶,0.6413,front,前方有台阶，请减速。,"[0, 1, 540, 622]","[733, 734]"
5-stairs-749,5,749,26.75,stairs,台阶,0.5521,front,前方有台阶，请减速。,"[4, 1, 540, 664]","[748, 749]"
5-stairs-754,5,754,26.929,stairs,台阶,0.6402,front,前方有台阶，请减速。,"[15, 2, 540, 733]","[753, 754]"
5-stairs-759,5,759,27.107,stairs,台阶,0.5891,front,前方有台阶，请减速。,"[4, 6, 540, 844]","[758, 759]"
5-stairs-812,5,812,29.0,stairs,台阶,0.6198,front,前方有台阶，请减速。,"[0, 152, 539, 676]","[811, 812]"
5-stairs-846,5,846,30.214,stairs,台阶,0.6140,front,前方有台阶，请减速。,"[1, 48, 540, 786]","[845, 846]"
5-stairs-873,5,873,31.179,stairs,台阶,0.6059,front,前方有台阶，请减速。,"[42, 67, 539, 356]","[872, 873]"
5-stairs-878,5,878,31.357,stairs,台阶,0.7859,front,前方有台阶，请减速。,"[45, 63, 539, 360]","[877, 878]"
5-stairs-883,5,883,31.536,stairs,台阶,0.8144,front,前方有台阶，请减速。,"[42, 62, 538, 375]","[882, 883]"
5-stairs-888,5,888,31.714,stairs,台阶,0.7879,front,前方有台阶，请减速。,"[45, 59, 539, 385]","[887, 888]"
5-stairs-893,5,893,31.893,stairs,台阶,0.7952,front,前方有台阶，请减速。,"[47, 60, 540, 408]","[892, 893]"
5-stairs-898,5,898,32.071,stairs,台阶,0.7702,front,前方有台阶，请减速。,"[41, 66, 540, 430]","[897, 898]"
5-stairs-903,5,903,32.25,stairs,台阶,0.7918,front,前方有台阶，请减速。,"[25, 73, 540, 457]","[902, 903]"
5-stairs-908,5,908,32.429,stairs,台阶,0.7888,front,前方有台阶，请减速。,"[19, 79, 540, 478]","[907, 908]"
5-stairs-913,5,913,32.607,stairs,台阶,0.7699,front,前方有台阶，请减速。,"[6, 81, 539, 506]","[912, 913]"
5-stairs-918,5,918,32.786,stairs,台阶,0.7897,front,前方有台阶，请减速。,"[4, 85, 539, 524]","[917, 918]"
5-stairs-923,5,923,32.964,stairs,台阶,0.7580,front,前方有台阶，请减速。,"[1, 91, 540, 549]","[922, 923]"
5-stairs-928,5,928,33.143,stairs,台阶,0.7143,front,前方有台阶，请减速。,"[2, 83, 538, 564]","[927, 928]"
5-stairs-933,5,933,33.321,stairs,台阶,0.7331,front,前方有台阶，请减速。,"[1, 79, 538, 594]","[932, 933]"
5-stairs-938,5,938,33.5,stairs,台阶,0.6930,front,前方有台阶，请减速。,"[2, 76, 540, 630]","[937, 938]"
5-stairs-943,5,943,33.679,stairs,台阶,0.7058,front,前方有台阶，请减速。,"[8, 75, 540, 648]","[942, 943]"
5-stairs-948,5,948,33.857,stairs,台阶,0.7233,front,前方有台阶，请减速。,"[15, 77, 540, 687]","[947, 948]"
5-stairs-953,5,953,34.036,stairs,台阶,0.6984,front,前方有台阶，请减速。,"[2, 85, 540, 740]","[952, 953]"
5-stairs-958,5,958,34.214,stairs,台阶,0.6406,front,前方有台阶，请减速。,"[1, 87, 540, 781]","[957, 958]"
5-stairs-992,5,992,35.429,stairs,台阶,0.5567,front,前方有台阶，请减速。,"[0, 65, 539, 686]","[991, 992]"
5-stairs-1032,5,1032,36.857,stairs,台阶,0.5566,front,前方有台阶，请减速。,"[1, 153, 539, 619]","[1031, 1032]"
5-stairs-1037,5,1037,37.036,stairs,台阶,0.5519,front,前方有台阶，请减速。,"[1, 158, 540, 668]","[1036, 1037]"
5-stairs-1042,5,1042,37.214,stairs,台阶,0.6411,front,前方有台阶，请减速。,"[1, 178, 540, 742]","[1041, 1042]"
5-stairs-1049,5,1049,37.464,stairs,台阶,0.5567,front,前方有台阶，请减速。,"[1, 186, 540, 697]","[1048, 1049]"
5-stairs-1054,5,1054,37.643,stairs,台阶,0.5976,front,前方有台阶，请减速。,"[1, 209, 540, 692]","[1053, 1054]"
5-stairs-1059,5,1059,37.821,stairs,台阶,0.5901,front,前方有台阶，请减速。,"[1, 225, 539, 787]","[1058, 1059]"
5-stairs-1069,5,1069,38.179,stairs,台阶,0.5739,front,前方有台阶，请减速。,"[1, 254, 540, 711]","[1068, 1069]"
5-stairs-1074,5,1074,38.357,stairs,台阶,0.6461,front,前方有台阶，请减速。,"[1, 288, 540, 793]","[1073, 1074]"
5-stairs-1079,5,1079,38.536,stairs,台阶,0.6972,front,前方有台阶，请减速。,"[2, 295, 540, 637]","[1078, 1079]"
5-stairs-1084,5,1084,38.714,stairs,台阶,0.6979,front,前方有台阶，请减速。,"[1, 327, 540, 699]","[1083, 1084]"
5-stairs-1089,5,1089,38.893,stairs,台阶,0.7014,front,前方有台阶，请减速。,"[0, 357, 540, 766]","[1088, 1089]"
5-stairs-1095,5,1095,39.107,stairs,台阶,0.6274,front,前方有台阶，请减速。,"[0, 386, 540, 622]","[1094, 1095]"
5-stairs-1100,5,1100,39.286,stairs,台阶,0.5882,front,前方有台阶，请减速。,"[1, 438, 540, 702]","[1099, 1100]"
6-blind_road_occupied-2,6,2,0.069,blind_road_occupied,盲道占用,0.6575,front,前方盲道被占用，请注意绕行。,"[3, 143, 400, 960]","[1, 2]"
6-blind_road_occupied-11,6,11,0.379,blind_road_occupied,盲道占用,0.5799,front,前方盲道被占用，请注意绕行。,"[117, 162, 322, 528]","[10, 11]"
6-blind_road_occupied-29,6,29,1.0,blind_road_occupied,盲道占用,0.7461,front,前方盲道被占用，请注意绕行。,"[91, 178, 396, 960]","[28, 29]"
6-blind_road_occupied-34,6,34,1.172,blind_road_occupied,盲道占用,0.7901,front,前方盲道被占用，请注意绕行。,"[99, 141, 398, 960]","[33, 34]"
6-blind_road_occupied-45,6,45,1.552,blind_road_occupied,盲道占用,0.7793,front,前方盲道被占用，请注意绕行。,"[116, 168, 406, 960]","[44, 45]"
6-blind_road_occupied-55,6,55,1.897,blind_road_occupied,盲道占用,0.5612,front,前方盲道被占用，请注意绕行。,"[8, 151, 391, 960]","[54, 55]"
6-blind_road_occupied-68,6,68,2.345,blind_road_occupied,盲道占用,0.6951,front,前方盲道被占用，请注意绕行。,"[86, 225, 393, 960]","[67, 68]"
6-blind_road_occupied-79,6,79,2.724,blind_road_occupied,盲道占用,0.6177,front,前方盲道被占用，请注意绕行。,"[40, 167, 373, 960]","[78, 79]"
6-blind_road_occupied-84,6,84,2.897,blind_road_occupied,盲道占用,0.6087,front,前方盲道被占用，请注意绕行。,"[50, 193, 376, 960]","[83, 84]"
6-blind_road_occupied-89,6,89,3.069,blind_road_occupied,盲道占用,0.7218,front,前方盲道被占用，请注意绕行。,"[94, 217, 388, 960]","[88, 89]"
6-blind_road_occupied-103,6,103,3.552,blind_road_occupied,盲道占用,0.6283,front,前方盲道被占用，请注意绕行。,"[76, 210, 415, 960]","[102, 103]"
6-blind_road_occupied-108,6,108,3.724,blind_road_occupied,盲道占用,0.8207,front,前方盲道被占用，请注意绕行。,"[13, 178, 413, 960]","[107, 108]"
6-road_obstacle-129,6,129,4.448,road_obstacle,路面障碍,0.6332,right_front,右前方有障碍，请注意避让。,"[376, 0, 422, 116]","[128, 129]"
6-road_obstacle-149,6,149,5.138,road_obstacle,路面障碍,0.5503,right_front,右前方有障碍，请注意避让。,"[368, 0, 424, 118]","[148, 149]"
6-blind_road_occupied-151,6,151,5.207,blind_road_occupied,盲道占用,0.6951,front,前方盲道被占用，请注意绕行。,"[155, 574, 426, 960]","[150, 151]"
6-road_obstacle-156,6,156,5.379,road_obstacle,路面障碍,0.6586,front,前方有障碍，请注意避让。,"[275, 0, 325, 115]","[155, 156]"
6-road_obstacle-161,6,161,5.552,road_obstacle,路面障碍,0.6210,front,前方有障碍，请注意避让。,"[274, 0, 330, 113]","[160, 161]"
6-road_obstacle-166,6,166,5.724,road_obstacle,路面障碍,0.7369,front,前方有障碍，请注意避让。,"[290, 0, 342, 114]","[165, 166]"
6-road_obstacle-171,6,171,5.897,road_obstacle,路面障碍,0.7831,right_front,右前方有障碍，请注意避让。,"[429, 3, 535, 238]","[170, 171]"
6-road_obstacle-176,6,176,6.069,road_obstacle,路面障碍,0.7204,right_front,右前方有障碍，请注意避让。,"[444, 7, 528, 246]","[175, 176]"
6-road_obstacle-188,6,188,6.483,road_obstacle,路面障碍,0.7100,front,前方有障碍，请注意避让。,"[207, 0, 259, 121]","[187, 188]"
6-road_obstacle-193,6,193,6.655,road_obstacle,路面障碍,0.8035,front,前方有障碍，请注意避让。,"[196, 0, 247, 125]","[192, 193]"
6-road_obstacle-198,6,198,6.828,road_obstacle,路面障碍,0.7596,front,前方有障碍，请注意避让。,"[184, 0, 239, 134]","[197, 198]"
6-road_obstacle-203,6,203,7.0,road_obstacle,路面障碍,0.7964,front,前方有障碍，请注意避让。,"[176, 0, 231, 149]","[202, 203]"
6-road_obstacle-208,6,208,7.172,road_obstacle,路面障碍,0.7538,front,前方有障碍，请注意避让。,"[163, 6, 218, 155]","[207, 208]"
6-road_obstacle-213,6,213,7.345,road_obstacle,路面障碍,0.7907,front,前方有障碍，请注意避让。,"[172, 45, 270, 332]","[212, 213]"
6-road_obstacle-218,6,218,7.517,road_obstacle,路面障碍,0.8177,left_front,左前方有障碍，请注意避让。,"[101, 51, 229, 341]","[217, 218]"
6-road_obstacle-223,6,223,7.69,road_obstacle,路面障碍,0.8328,left_front,左前方有障碍，请注意避让。,"[4, 29, 128, 361]","[222, 223]"
6-road_obstacle-228,6,228,7.862,road_obstacle,路面障碍,0.7140,right_front,右前方有障碍，请注意避让。,"[453, 4, 536, 249]","[227, 228]"
6-road_obstacle-233,6,233,8.034,road_obstacle,路面障碍,0.6829,front,前方有障碍，请注意避让。,"[263, 0, 329, 119]","[232, 233]"
6-blind_road_occupied-234,6,234,8.069,blind_road_occupied,盲道占用,0.6030,right_front,前方盲道被占用，建议向右前方绕行。,"[288, 518, 540, 640]","[233, 234]"
6-blind_road_occupied-248,6,248,8.552,blind_road_occupied,盲道占用,0.5883,front,前方盲道被占用，请注意绕行。,"[6, 218, 540, 956]","[247, 248]"
6-blind_road_occupied-272,6,272,9.379,blind_road_occupied,盲道占用,0.5827,front,前方盲道被占用，请注意绕行。,"[0, 16, 492, 960]","[271, 272]"
6-blind_road_occupied-277,6,277,9.552,blind_road_occupied,盲道占用,0.6908,front,前方盲道被占用，请注意绕行。,"[0, 7, 391, 960]","[276, 277]"
6-blind_road_occupied-282,6,282,9.724,blind_road_occupied,盲道占用,0.7621,left_front,前方盲道被占用，建议向左前方绕行。,"[0, 21, 343, 960]","[281, 282]"
6-blind_road_occupied-287,6,287,9.897,blind_road_occupied,盲道占用,0.5679,left_front,前方盲道被占用，建议向左前方绕行。,"[16, 43, 335, 960]","[286, 287]"
6-blind_road_occupied-292,6,292,10.069,blind_road_occupied,盲道占用,0.8313,front,前方盲道被占用，请注意绕行。,"[20, 86, 351, 958]","[291, 292]"
6-blind_road_occupied-297,6,297,10.241,blind_road_occupied,盲道占用,0.7107,front,前方盲道被占用，请注意绕行。,"[35, 115, 357, 960]","[296, 297]"
6-blind_road_occupied-302,6,302,10.414,blind_road_occupied,盲道占用,0.7181,front,前方盲道被占用，请注意绕行。,"[56, 147, 364, 960]","[301, 302]"
6-blind_road_occupied-307,6,307,10.586,blind_road_occupied,盲道占用,0.8119,front,前方盲道被占用，请注意绕行。,"[66, 173, 372, 959]","[306, 307]"
6-blind_road_occupied-312,6,312,10.759,blind_road_occupied,盲道占用,0.8417,front,前方盲道被占用，请注意绕行。,"[96, 185, 416, 960]","[311, 312]"
6-road_obstacle-344,6,344,11.862,road_obstacle,路面障碍,0.5993,left_front,左前方有障碍，请注意避让。,"[25, 0, 191, 228]","[343, 344]"
6-blind_road_occupied-409,6,409,14.103,blind_road_occupied,盲道占用,0.5790,front,前方盲道被占用，请注意绕行。,"[1, 12, 419, 960]","[408, 409]"
6-road_obstacle-440,6,440,15.172,road_obstacle,路面障碍,0.6686,front,前方有障碍，请注意避让。,"[61, 0, 322, 313]","[439, 440]"
6-blind_road_occupied-451,6,451,15.552,blind_road_occupied,盲道占用,0.6298,front,前方盲道被占用，请注意绕行。,"[79, 366, 472, 960]","[450, 451]"
6-blind_road_occupied-456,6,456,15.724,blind_road_occupied,盲道占用,0.6037,front,前方盲道被占用，请注意绕行。,"[94, 315, 437, 960]","[455, 456]"
6-road_obstacle-470,6,470,16.207,road_obstacle,路面障碍,0.6323,front,前方有障碍，请注意避让。,"[148, 1, 521, 496]","[469, 470]"
6-road_obstacle-481,6,481,16.586,road_obstacle,路面障碍,0.6994,right_front,右前方有障碍，请注意避让。,"[259, 0, 539, 601]","[480, 481]"
6-road_obstacle-487,6,487,16.793,road_obstacle,路面障碍,0.5695,right_front,右前方有障碍，请注意避让。,"[313, 0, 537, 656]","[486, 487]"
6-blind_road_occupied-540,6,540,18.621,blind_road_occupied,盲道占用,0.6758,front,前方盲道被占用，请注意绕行。,"[1, 8, 446, 960]","[539, 540]"
6-blind_road_occupied-545,6,545,18.793,blind_road_occupied,盲道占用,0.6245,front,前方盲道被占用，请注意绕行。,"[1, 1, 424, 960]","[544, 545]"
6-blind_road_occupied-553,6,553,19.069,blind_road_occupied,盲道占用,0.6578,front,前方盲道被占用，请注意绕行。,"[2, 13, 411, 959]","[552, 553]"
6-blind_road_occupied-558,6,558,19.241,blind_road_occupied,盲道占用,0.8343,front,前方盲道被占用，请注意绕行。,"[0, 14, 410, 959]","[557, 558]"
6-blind_road_occupied-563,6,563,19.414,blind_road_occupied,盲道占用,0.6303,front,前方盲道被占用，请注意绕行。,"[81, 0, 424, 960]","[562, 563]"
6-blind_road_occupied-568,6,568,19.586,blind_road_occupied,盲道占用,0.6805,front,前方盲道被占用，请注意绕行。,"[72, 29, 359, 960]","[567, 568]"
7-blind_road_occupied-2,7,2,0.069,blind_road_occupied,盲道占用,0.8535,front,前方盲道被占用，请注意绕行。,"[48, 189, 413, 960]","[1, 2]"
7-blind_road_occupied-7,7,7,0.241,blind_road_occupied,盲道占用,0.8438,front,前方盲道被占用，请注意绕行。,"[47, 183, 415, 960]","[6, 7]"
7-blind_road_occupied-12,7,12,0.414,blind_road_occupied,盲道占用,0.8494,front,前方盲道被占用，请注意绕行。,"[41, 160, 417, 960]","[11, 12]"
7-blind_road_occupied-17,7,17,0.586,blind_road_occupied,盲道占用,0.8346,front,前方盲道被占用，请注意绕行。,"[29, 176, 413, 960]","[16, 17]"
7-blind_road_occupied-22,7,22,0.759,blind_road_occupied,盲道占用,0.8824,front,前方盲道被占用，请注意绕行。,"[8, 171, 417, 960]","[21, 22]"
7-blind_road_occupied-27,7,27,0.931,blind_road_occupied,盲道占用,0.8885,front,前方盲道被占用，请注意绕行。,"[0, 167, 412, 960]","[26, 27]"
7-blind_road_occupied-32,7,32,1.103,blind_road_occupied,盲道占用,0.8539,front,前方盲道被占用，请注意绕行。,"[10, 167, 388, 955]","[31, 32]"
7-blind_road_occupied-37,7,37,1.276,blind_road_occupied,盲道占用,0.8833,front,前方盲道被占用，请注意绕行。,"[16, 164, 399, 960]","[36, 37]"
7-blind_road_occupied-42,7,42,1.448,blind_road_occupied,盲道占用,0.8826,front,前方盲道被占用，请注意绕行。,"[7, 166, 411, 960]","[41, 42]"
7-blind_road_occupied-47,7,47,1.621,blind_road_occupied,盲道占用,0.8950,front,前方盲道被占用，请注意绕行。,"[15, 164, 420, 960]","[46, 47]"
7-blind_road_occupied-52,7,52,1.793,blind_road_occupied,盲道占用,0.8814,front,前方盲道被占用，请注意绕行。,"[31, 186, 417, 960]","[51, 52]"
7-blind_road_occupied-57,7,57,1.966,blind_road_occupied,盲道占用,0.9033,front,前方盲道被占用，请注意绕行。,"[18, 189, 411, 960]","[56, 57]"
7-blind_road_occupied-62,7,62,2.138,blind_road_occupied,盲道占用,0.8949,front,前方盲道被占用，请注意绕行。,"[12, 194, 405, 960]","[61, 62]"
7-blind_road_occupied-67,7,67,2.31,blind_road_occupied,盲道占用,0.8687,front,前方盲道被占用，请注意绕行。,"[18, 211, 409, 960]","[66, 67]"
7-blind_road_occupied-72,7,72,2.483,blind_road_occupied,盲道占用,0.8757,front,前方盲道被占用，请注意绕行。,"[46, 222, 400, 960]","[71, 72]"
7-blind_road_occupied-77,7,77,2.655,blind_road_occupied,盲道占用,0.8904,front,前方盲道被占用，请注意绕行。,"[56, 231, 428, 960]","[76, 77]"
7-blind_road_occupied-82,7,82,2.828,blind_road_occupied,盲道占用,0.8910,front,前方盲道被占用，请注意绕行。,"[71, 236, 449, 960]","[81, 82]"
7-blind_road_occupied-87,7,87,3.0,blind_road_occupied,盲道占用,0.9034,front,前方盲道被占用，请注意绕行。,"[47, 237, 446, 960]","[86, 87]"
7-blind_road_occupied-92,7,92,3.172,blind_road_occupied,盲道占用,0.8695,front,前方盲道被占用，请注意绕行。,"[40, 227, 437, 960]","[91, 92]"
7-blind_road_occupied-97,7,97,3.345,blind_road_occupied,盲道占用,0.8541,front,前方盲道被占用，请注意绕行。,"[63, 249, 453, 960]","[96, 97]"
7-blind_road_occupied-102,7,102,3.517,blind_road_occupied,盲道占用,0.8516,front,前方盲道被占用，请注意绕行。,"[88, 235, 488, 960]","[101, 102]"
7-blind_road_occupied-107,7,107,3.69,blind_road_occupied,盲道占用,0.8016,front,前方盲道被占用，请注意绕行。,"[34, 242, 485, 960]","[106, 107]"
7-blind_road_occupied-112,7,112,3.862,blind_road_occupied,盲道占用,0.8687,front,前方盲道被占用，请注意绕行。,"[93, 243, 494, 960]","[111, 112]"
7-blind_road_occupied-117,7,117,4.034,blind_road_occupied,盲道占用,0.8983,front,前方盲道被占用，请注意绕行。,"[86, 232, 490, 960]","[116, 117]"
7-blind_road_occupied-122,7,122,4.207,blind_road_occupied,盲道占用,0.8743,front,前方盲道被占用，请注意绕行。,"[82, 250, 481, 960]","[121, 122]"
7-blind_road_occupied-127,7,127,4.379,blind_road_occupied,盲道占用,0.8869,front,前方盲道被占用，请注意绕行。,"[86, 248, 490, 960]","[126, 127]"
7-blind_road_occupied-132,7,132,4.552,blind_road_occupied,盲道占用,0.8628,front,前方盲道被占用，请注意绕行。,"[91, 269, 479, 960]","[131, 132]"
7-blind_road_occupied-137,7,137,4.724,blind_road_occupied,盲道占用,0.8452,front,前方盲道被占用，请注意绕行。,"[85, 279, 472, 960]","[136, 137]"
7-blind_road_occupied-142,7,142,4.897,blind_road_occupied,盲道占用,0.9067,front,前方盲道被占用，请注意绕行。,"[71, 286, 460, 960]","[141, 142]"
7-blind_road_occupied-147,7,147,5.069,blind_road_occupied,盲道占用,0.8968,front,前方盲道被占用，请注意绕行。,"[48, 289, 450, 960]","[146, 147]"
7-blind_road_occupied-152,7,152,5.241,blind_road_occupied,盲道占用,0.9056,front,前方盲道被占用，请注意绕行。,"[46, 296, 442, 960]","[151, 152]"
7-blind_road_occupied-157,7,157,5.414,blind_road_occupied,盲道占用,0.9128,front,前方盲道被占用，请注意绕行。,"[45, 307, 442, 960]","[156, 157]"
7-blind_road_occupied-162,7,162,5.586,blind_road_occupied,盲道占用,0.8426,front,前方盲道被占用，请注意绕行。,"[42, 319, 426, 960]","[161, 162]"
7-blind_road_occupied-167,7,167,5.759,blind_road_occupied,盲道占用,0.8454,front,前方盲道被占用，请注意绕行。,"[47, 326, 412, 960]","[166, 167]"
7-blind_road_occupied-172,7,172,5.931,blind_road_occupied,盲道占用,0.8894,front,前方盲道被占用，请注意绕行。,"[13, 340, 393, 959]","[171, 172]"
7-blind_road_occupied-177,7,177,6.103,blind_road_occupied,盲道占用,0.8523,front,前方盲道被占用，请注意绕行。,"[12, 360, 373, 960]","[176, 177]"
7-blind_road_occupied-182,7,182,6.276,blind_road_occupied,盲道占用,0.8466,front,前方盲道被占用，请注意绕行。,"[5, 339, 368, 960]","[181, 182]"
7-blind_road_occupied-187,7,187,6.448,blind_road_occupied,盲道占用,0.7611,front,前方盲道被占用，请注意绕行。,"[0, 297, 389, 959]","[186, 187]"
7-blind_road_occupied-192,7,192,6.621,blind_road_occupied,盲道占用,0.7081,front,前方盲道被占用，请注意绕行。,"[9, 298, 395, 960]","[191, 192]"
7-blind_road_occupied-197,7,197,6.793,blind_road_occupied,盲道占用,0.5991,front,前方盲道被占用，请注意绕行。,"[26, 174, 404, 960]","[196, 197]"
7-blind_road_occupied-202,7,202,6.966,blind_road_occupied,盲道占用,0.6608,front,前方盲道被占用，请注意绕行。,"[28, 160, 407, 958]","[201, 202]"
7-blind_road_occupied-207,7,207,7.138,blind_road_occupied,盲道占用,0.6754,front,前方盲道被占用，请注意绕行。,"[35, 206, 413, 960]","[206, 207]"
7-blind_road_occupied-212,7,212,7.31,blind_road_occupied,盲道占用,0.6943,front,前方盲道被占用，请注意绕行。,"[26, 291, 453, 960]","[211, 212]"
7-blind_road_occupied-217,7,217,7.483,blind_road_occupied,盲道占用,0.6380,front,前方盲道被占用，请注意绕行。,"[74, 266, 497, 960]","[216, 217]"
7-blind_road_occupied-222,7,222,7.655,blind_road_occupied,盲道占用,0.6886,front,前方盲道被占用，请注意绕行。,"[13, 251, 522, 960]","[221, 222]"
7-blind_road_occupied-227,7,227,7.828,blind_road_occupied,盲道占用,0.6941,front,前方盲道被占用，请注意绕行。,"[29, 262, 540, 960]","[226, 227]"
7-blind_road_occupied-232,7,232,8.0,blind_road_occupied,盲道占用,0.5942,front,前方盲道被占用，请注意绕行。,"[29, 266, 533, 960]","[231, 232]"
7-blind_road_occupied-237,7,237,8.172,blind_road_occupied,盲道占用,0.6399,front,前方盲道被占用，请注意绕行。,"[29, 225, 540, 960]","[236, 237]"
7-blind_road_occupied-246,7,246,8.483,blind_road_occupied,盲道占用,0.6282,front,前方盲道被占用，请注意绕行。,"[11, 117, 540, 960]","[245, 246]"
7-blind_road_occupied-260,7,260,8.966,blind_road_occupied,盲道占用,0.6142,front,前方盲道被占用，请注意绕行。,"[0, 132, 540, 960]","[259, 260]"
7-blind_road_occupied-265,7,265,9.138,blind_road_occupied,盲道占用,0.6041,front,前方盲道被占用，请注意绕行。,"[245, 152, 431, 530]","[264, 265]"
7-blind_road_occupied-287,7,287,9.897,blind_road_occupied,盲道占用,0.7385,front,前方盲道被占用，请注意绕行。,"[0, 119, 540, 960]","[286, 287]"
7-blind_road_occupied-292,7,292,10.069,blind_road_occupied,盲道占用,0.7358,front,前方盲道被占用，请注意绕行。,"[0, 21, 540, 960]","[291, 292]"
7-blind_road_occupied-318,7,318,10.966,blind_road_occupied,盲道占用,0.6149,front,前方盲道被占用，请注意绕行。,"[2, 18, 540, 959]","[317, 318]"
7-blind_road_occupied-323,7,323,11.138,blind_road_occupied,盲道占用,0.7029,front,前方盲道被占用，请注意绕行。,"[0, 113, 540, 957]","[322, 323]"
7-blind_road_occupied-328,7,328,11.31,blind_road_occupied,盲道占用,0.7689,front,前方盲道被占用，请注意绕行。,"[1, 181, 538, 960]","[327, 328]"
7-blind_road_occupied-333,7,333,11.483,blind_road_occupied,盲道占用,0.6861,front,前方盲道被占用，请注意绕行。,"[1, 243, 540, 960]","[332, 333]"
7-blind_road_occupied-338,7,338,11.655,blind_road_occupied,盲道占用,0.7276,front,前方盲道被占用，请注意绕行。,"[0, 292, 540, 959]","[337, 338]"
7-blind_road_occupied-343,7,343,11.828,blind_road_occupied,盲道占用,0.7455,front,前方盲道被占用，请注意绕行。,"[0, 331, 533, 960]","[342, 343]"
7-blind_road_occupied-348,7,348,12.0,blind_road_occupied,盲道占用,0.7661,front,前方盲道被占用，请注意绕行。,"[6, 378, 522, 960]","[347, 348]"
7-blind_road_occupied-353,7,353,12.172,blind_road_occupied,盲道占用,0.8184,front,前方盲道被占用，请注意绕行。,"[5, 416, 523, 960]","[352, 353]"
7-blind_road_occupied-358,7,358,12.345,blind_road_occupied,盲道占用,0.8903,front,前方盲道被占用，请注意绕行。,"[5, 453, 520, 960]","[357, 358]"
7-blind_road_occupied-363,7,363,12.517,blind_road_occupied,盲道占用,0.8372,front,前方盲道被占用，请注意绕行。,"[0, 504, 529, 960]","[362, 363]"
7-blind_road_occupied-368,7,368,12.69,blind_road_occupied,盲道占用,0.8623,front,前方盲道被占用，请注意绕行。,"[0, 572, 486, 960]","[367, 368]"
7-blind_road_occupied-373,7,373,12.862,blind_road_occupied,盲道占用,0.9093,front,前方盲道被占用，请注意绕行。,"[1, 607, 536, 960]","[372, 373]"
7-blind_road_occupied-378,7,378,13.034,blind_road_occupied,盲道占用,0.9194,front,前方盲道被占用，请注意绕行。,"[1, 662, 539, 959]","[377, 378]"
7-blind_road_occupied-383,7,383,13.207,blind_road_occupied,盲道占用,0.8811,front,前方盲道被占用，请注意绕行。,"[0, 724, 540, 959]","[382, 383]"
7-stairs-388,7,388,13.379,stairs,台阶,0.6328,front,前方有台阶，请减速。,"[1, 403, 540, 748]","[387, 388]"
7-blind_road_occupied-388,7,388,13.379,blind_road_occupied,盲道占用,0.8613,front,前方盲道被占用，请注意绕行。,"[0, 812, 539, 960]","[387, 388]"
7-stairs-393,7,393,13.552,stairs,台阶,0.6773,front,前方有台阶，请减速。,"[2, 433, 539, 821]","[392, 393]"
7-blind_road_occupied-393,7,393,13.552,blind_road_occupied,盲道占用,0.7062,front,前方盲道被占用，请注意绕行。,"[0, 113, 540, 423]","[392, 393]"
7-stairs-398,7,398,13.724,stairs,台阶,0.7495,front,前方有台阶，请减速。,"[2, 464, 540, 874]","[397, 398]"
7-blind_road_occupied-398,7,398,13.724,blind_road_occupied,盲道占用,0.5623,front,前方盲道被占用，请注意绕行。,"[3, 113, 540, 459]","[397, 398]"
7-blind_road_occupied-403,7,403,13.897,blind_road_occupied,盲道占用,0.6585,front,前方盲道被占用，请注意绕行。,"[0, 125, 540, 492]","[402, 403]"
7-blind_road_occupied-408,7,408,14.069,blind_road_occupied,盲道占用,0.7117,front,前方盲道被占用，请注意绕行。,"[0, 136, 540, 460]","[407, 408]"
7-blind_road_occupied-413,7,413,14.241,blind_road_occupied,盲道占用,0.5548,front,前方盲道被占用，请注意绕行。,"[0, 129, 540, 505]","[412, 413]"
7-blind_road_occupied-419,7,419,14.448,blind_road_occupied,盲道占用,0.6665,front,前方盲道被占用，请注意绕行。,"[0, 122, 540, 563]","[418, 419]"
7-road_obstacle-430,7,430,14.828,road_obstacle,路面障碍,0.5828,left_front,左前方有障碍，请注意避让。,"[32, 4, 76, 110]","[429, 430]"
7-blind_road_occupied-432,7,432,14.897,blind_road_occupied,盲道占用,0.6328,front,前方盲道被占用，请注意绕行。,"[0, 72, 540, 835]","[431, 432]"
7-road_obstacle-435,7,435,15.0,road_obstacle,路面障碍,0.5893,left_front,左前方有障碍，请注意避让。,"[17, 0, 59, 106]","[434, 435]"
7-blind_road_occupied-439,7,439,15.138,blind_road_occupied,盲道占用,0.7618,front,前方盲道被占用，请注意绕行。,"[0, 68, 540, 957]","[438, 439]"
8-stairs-32,8,32,1.103,stairs,台阶,0.6019,front,前方有台阶，请减速。,"[2, 103, 540, 955]","[31, 32]"
8-stairs-38,8,38,1.31,stairs,台阶,0.6358,front,前方有台阶，请减速。,"[6, 102, 540, 952]","[37, 38]"
8-stairs-47,8,47,1.621,stairs,台阶,0.6040,front,前方有台阶，请减速。,"[2, 69, 540, 958]","[46, 47]"
8-stairs-57,8,57,1.966,stairs,台阶,0.6778,front,前方有台阶，请减速。,"[0, 35, 540, 947]","[56, 57]"
8-stairs-65,8,65,2.241,stairs,台阶,0.8305,front,前方有台阶，请减速。,"[0, 7, 540, 960]","[64, 65]"
8-stairs-82,8,82,2.828,stairs,台阶,0.6805,front,前方有台阶，请减速。,"[0, 87, 540, 954]","[81, 82]"
8-stairs-92,8,92,3.172,stairs,台阶,0.5906,front,前方有台阶，请减速。,"[0, 131, 540, 955]","[91, 92]"
8-stairs-124,8,124,4.276,stairs,台阶,0.7950,front,前方有台阶，请减速。,"[0, 72, 540, 960]","[123, 124]"
8-stairs-149,8,149,5.138,stairs,台阶,0.6747,front,前方有台阶，请减速。,"[0, 60, 540, 960]","[148, 149]"
8-stairs-486,8,486,16.759,stairs,台阶,0.6224,front,前方有台阶，请减速。,"[2, 181, 540, 952]","[485, 486]"
8-stairs-511,8,511,17.621,stairs,台阶,0.6500,front,前方有台阶，请减速。,"[0, 287, 540, 960]","[510, 511]"
8-stairs-522,8,522,18.0,stairs,台阶,0.8045,front,前方有台阶，请减速。,"[0, 298, 540, 960]","[521, 522]"
8-stairs-531,8,531,18.31,stairs,台阶,0.8751,front,前方有台阶，请减速。,"[1, 271, 540, 960]","[530, 531]"
8-stairs-536,8,536,18.483,stairs,台阶,0.8173,front,前方有台阶，请减速。,"[0, 277, 540, 960]","[535, 536]"
8-stairs-543,8,543,18.724,stairs,台阶,0.7836,front,前方有台阶，请减速。,"[2, 272, 540, 960]","[542, 543]"
8-stairs-549,8,549,18.931,stairs,台阶,0.7222,front,前方有台阶，请减速。,"[1, 288, 540, 952]","[548, 549]"
8-stairs-560,8,560,19.31,stairs,台阶,0.6384,front,前方有台阶，请减速。,"[0, 362, 540, 946]","[559, 560]"
8-stairs-569,8,569,19.621,stairs,台阶,0.6832,front,前方有台阶，请减速。,"[1, 388, 540, 960]","[568, 569]"
8-stairs-576,8,576,19.862,stairs,台阶,0.6631,front,前方有台阶，请减速。,"[0, 404, 540, 960]","[575, 576]"
8-ramp-605,8,605,20.862,ramp,坡道,0.7815,front,前方有坡道。,"[22, 17, 540, 285]","[604, 605]"
8-ramp-611,8,611,21.069,ramp,坡道,0.7504,front,前方有坡道。,"[7, 25, 540, 323]","[610, 611]"
8-ramp-616,8,616,21.241,ramp,坡道,0.6231,front,前方有坡道。,"[8, 22, 540, 372]","[615, 616]"
8-ramp-621,8,621,21.414,ramp,坡道,0.8847,front,前方有坡道。,"[2, 56, 540, 397]","[620, 621]"
8-stairs-641,8,641,22.103,stairs,台阶,0.6625,front,前方有台阶，请减速。,"[0, 152, 540, 959]","[640, 641]"
8-stairs-653,8,653,22.517,stairs,台阶,0.6401,front,前方有台阶，请减速。,"[0, 186, 540, 960]","[652, 653]"
8-stairs-713,8,713,24.586,stairs,台阶,0.6167,front,前方有台阶，请减速。,"[6, 212, 540, 959]","[712, 713]"
8-stairs-723,8,723,24.931,stairs,台阶,0.6017,front,前方有台阶，请减速。,"[5, 169, 540, 958]","[722, 723]"
8-stairs-750,8,750,25.862,stairs,台阶,0.5814,front,前方有台阶，请减速。,"[0, 102, 540, 959]","[749, 750]"
8-road_obstacle-778,8,778,26.828,road_obstacle,路面障碍,0.6735,left_front,左前方有障碍，请注意避让。,"[115, 0, 147, 74]","[777, 778]"
8-blind_road_occupied-787,8,787,27.138,blind_road_occupied,盲道占用,0.6407,front,前方盲道被占用，请注意绕行。,"[44, 275, 538, 371]","[786, 787]"
8-road_obstacle-790,8,790,27.241,road_obstacle,路面障碍,0.6043,left_front,左前方有障碍，请注意避让。,"[92, 0, 133, 97]","[789, 790]"
8-blind_road_occupied-799,8,799,27.552,blind_road_occupied,盲道占用,0.8083,front,前方盲道被占用，请注意绕行。,"[2, 329, 540, 446]","[798, 799]"
8-blind_road_occupied-809,8,809,27.897,blind_road_occupied,盲道占用,0.6319,front,前方盲道被占用，请注意绕行。,"[0, 366, 540, 500]","[808, 809]"
8-blind_road_occupied-814,8,814,28.069,blind_road_occupied,盲道占用,0.7632,front,前方盲道被占用，请注意绕行。,"[1, 398, 540, 536]","[813, 814]"
8-blind_road_occupied-826,8,826,28.483,blind_road_occupied,盲道占用,0.6096,front,前方盲道被占用，请注意绕行。,"[0, 449, 540, 656]","[825, 826]"
8-blind_road_occupied-831,8,831,28.655,blind_road_occupied,盲道占用,0.6583,front,前方盲道被占用，请注意绕行。,"[1, 480, 540, 716]","[830, 831]"
8-blind_road_occupied-844,8,844,29.103,blind_road_occupied,盲道占用,0.6757,front,前方盲道被占用，请注意绕行。,"[0, 5, 540, 955]","[843, 844]"
8-blind_road_occupied-903,8,903,31.138,blind_road_occupied,盲道占用,0.7790,front,前方盲道被占用，请注意绕行。,"[1, 1, 540, 960]","[902, 903]"
8-blind_road_occupied-908,8,908,31.31,blind_road_occupied,盲道占用,0.7784,front,前方盲道被占用，请注意绕行。,"[2, 0, 529, 960]","[907, 908]"
8-blind_road_occupied-914,8,914,31.517,blind_road_occupied,盲道占用,0.5906,front,前方盲道被占用，请注意绕行。,"[2, 1, 391, 960]","[913, 914]"
8-blind_road_occupied-919,8,919,31.69,blind_road_occupied,盲道占用,0.6010,front,前方盲道被占用，请注意绕行。,"[1, 2, 375, 960]","[918, 919]"
8-blind_road_occupied-924,8,924,31.862,blind_road_occupied,盲道占用,0.5763,front,前方盲道被占用，请注意绕行。,"[0, 1, 365, 960]","[923, 924]"
8-blind_road_occupied-936,8,936,32.276,blind_road_occupied,盲道占用,0.7613,left_front,前方盲道被占用，建议向左前方绕行。,"[0, 1, 339, 960]","[935, 936]"
8-blind_road_occupied-944,8,944,32.552,blind_road_occupied,盲道占用,0.7678,left_front,前方盲道被占用，建议向左前方绕行。,"[0, 0, 309, 958]","[943, 944]"
8-blind_road_occupied-949,8,949,32.724,blind_road_occupied,盲道占用,0.8714,left_front,前方盲道被占用，建议向左前方绕行。,"[1, 1, 301, 960]","[948, 949]"
8-blind_road_occupied-954,8,954,32.897,blind_road_occupied,盲道占用,0.8995,left_front,前方盲道被占用，建议向左前方绕行。,"[0, 0, 277, 959]","[953, 954]"
8-blind_road_occupied-959,8,959,33.069,blind_road_occupied,盲道占用,0.9012,left_front,前方盲道被占用，建议向左前方绕行。,"[0, 0, 266, 960]","[958, 959]"
8-blind_road_occupied-964,8,964,33.241,blind_road_occupied,盲道占用,0.8744,left_front,前方盲道被占用，建议向左前方绕行。,"[0, 0, 263, 960]","[963, 964]"
8-blind_road_occupied-969,8,969,33.414,blind_road_occupied,盲道占用,0.8773,left_front,前方盲道被占用，建议向左前方绕行。,"[0, 0, 271, 960]","[968, 969]"
8-blind_road_occupied-974,8,974,33.586,blind_road_occupied,盲道占用,0.8844,left_front,前方盲道被占用，建议向左前方绕行。,"[0, 0, 270, 960]","[973, 974]"
8-blind_road_occupied-979,8,979,33.759,blind_road_occupied,盲道占用,0.8502,left_front,前方盲道被占用，建议向左前方绕行。,"[0, 0, 273, 960]","[978, 979]"
8-blind_road_occupied-984,8,984,33.931,blind_road_occupied,盲道占用,0.8330,left_front,前方盲道被占用，建议向左前方绕行。,"[0, 0, 274, 960]","[983, 984]"
8-blind_road_occupied-989,8,989,34.103,blind_road_occupied,盲道占用,0.8848,left_front,前方盲道被占用，建议向左前方绕行。,"[1, 0, 277, 960]","[988, 989]"
8-blind_road_occupied-994,8,994,34.276,blind_road_occupied,盲道占用,0.9077,left_front,前方盲道被占用，建议向左前方绕行。,"[1, 0, 283, 960]","[993, 994]"
8-blind_road_occupied-999,8,999,34.448,blind_road_occupied,盲道占用,0.8750,left_front,前方盲道被占用，建议向左前方绕行。,"[0, 0, 291, 960]","[998, 999]"
8-blind_road_occupied-1004,8,1004,34.621,blind_road_occupied,盲道占用,0.8671,left_front,前方盲道被占用，建议向左前方绕行。,"[1, 0, 273, 960]","[1003, 1004]"
8-blind_road_occupied-1009,8,1009,34.793,blind_road_occupied,盲道占用,0.8783,left_front,前方盲道被占用，建议向左前方绕行。,"[0, 0, 257, 960]","[1008, 1009]"
8-blind_road_occupied-1014,8,1014,34.966,blind_road_occupied,盲道占用,0.8285,left_front,前方盲道被占用，建议向左前方绕行。,"[0, 0, 249, 960]","[1013, 1014]"
8-blind_road_occupied-1022,8,1022,35.241,blind_road_occupied,盲道占用,0.6395,left_front,前方盲道被占用，建议向左前方绕行。,"[0, 1, 259, 960]","[1021, 1022]"
